,Player,Club,POS,GP,GS,MINS,SHTS,SV,GA,GAA,W,L,T,ShO,Wpct,SvPct,Year,Season,PKG,PKA,Last Name,First Name,Club Name,Club Name_Dup,Last Name_Dup,First Name_Dup,POS_Dup,Club_Dup,Base Salary,Guaranteed Compensation,Date
0,Bouna Coundoul,COL,GK,30.0,30.0,2668.0,158.0,120.0,32.0,1.07,9.0,12.0,8.0,9.0,30.0,75.9,2007,REG,2.0,2.0,Coundoul,Bouna,COL,COL,Coundoul,Bouna,GK,COL,30000.0,30000.0,2007-08-31
1,Kevin Hartman,KC,GK,30.0,30.0,2700.0,159.0,110.0,45.0,1.5,11.0,12.0,7.0,5.0,36.7,69.2,2007,REG,6.0,7.0,Hartman,Kevin,KC,KC,Hartman,Kevin,GK,KC,150000.0,150000.0,2007-08-31
2,Matt Reis,NE,GK,30.0,30.0,2700.0,169.0,120.0,43.0,1.43,14.0,8.0,8.0,10.0,46.7,71.0,2007,REG,3.0,3.0,Reis,Matt,NE,NE,Reis,Matt,GK,NE,150000.0,150000.0,2007-08-31
3,Joe Cannon,LA,GK,29.0,29.0,2610.0,171.0,119.0,46.0,1.59,9.0,13.0,7.0,5.0,31.0,69.6,2007,REG,4.0,5.0,Cannon,Joe,LA,LA,Cannon,Joe,GK,LA,192000.0,192000.0,2007-08-31
4,Troy Perkins,DC,GK,29.0,29.0,2610.0,155.0,117.0,32.0,1.1,16.0,6.0,7.0,8.0,55.2,75.5,2007,REG,1.0,3.0,Perkins,Troy,DC,DC,Perkins,Troy,GK,DC,85000.0,87500.0,2007-08-31
5,Pat Onstad,HOU,GK,27.0,27.0,2418.0,109.0,85.0,22.0,0.81,13.0,8.0,6.0,11.0,48.1,78.0,2007,REG,1.0,2.0,Onstad,Pat,HOU,HOU,Onstad,Pat,GK,HOU,168000.0,168000.0,2007-08-31
6,Nick Rimando,RSL,GK,27.0,27.0,2430.0,191.0,146.0,37.0,1.37,6.0,13.0,8.0,7.0,22.2,76.4,2007,REG,4.0,6.0,Rimando,Nick,RSL,RSL,Rimando,Nick,GK,RSL,64125.0,68468.75,2007-08-31
7,Matt Pickens,CHI,GK,27.0,27.0,2430.0,137.0,102.0,31.0,1.15,9.0,8.0,10.0,10.0,33.3,74.5,2007,REG,4.0,4.0,Pickens,Matt,CHI,CHI,Pickens,Matt,GK,CHI,32340.0,32340.0,2007-08-31
8,Brad Guzan,ATL,GK,27.0,27.0,2430.0,119.0,87.0,25.0,0.93,14.0,6.0,7.0,13.0,51.9,73.1,2007,REG,2.0,3.0,Guzan,Brad,ATL,CHV,Guzan,Brad,GK,CHV,52237.5,67237.5,2007-08-31
9,William Hesmer,CLB,GK,20.0,20.0,1800.0,99.0,71.0,29.0,1.45,8.0,7.0,5.0,5.0,40.0,71.7,2007,REG,2.0,3.0,Hesmer,William,CLB,CLB,Hesmer,William,GK,CLB,30870.0,30870.0,2007-08-31
10,Ronald Waterreus,NY,GK,18.0,18.0,1557.0,89.0,59.0,31.0,1.72,6.0,6.0,5.0,5.0,33.3,66.3,2007,REG,3.0,3.0,Waterreus,Ronald,NY,NY,Waterreus,Ronald,GK,NY,200000.0,200000.0,2007-08-31
11,Dario Sala,DAL,GK,18.0,18.0,1620.0,97.0,64.0,29.0,1.61,8.0,7.0,3.0,5.0,44.4,66.0,2007,REG,2.0,2.0,Sala,Dario,DAL,DAL,Sala,Dario,GK,DAL,110000.0,119875.0,2007-08-31
12,Jon Conway,NY,GK,14.0,12.0,1142.0,79.0,57.0,14.0,1.17,6.0,5.0,2.0,4.0,42.9,72.2,2007,REG,1.0,2.0,Conway,Jon,NY,NY,Conway,Jon,GK,NY,65000.0,65750.0,2007-08-31
14,Andy Gruenebaum,CLB,GK,10.0,10.0,900.0,53.0,35.0,15.0,1.5,1.0,4.0,5.0,3.0,10.0,66.0,2007,REG,0.0,0.0,Gruenebaum,Andy,CLB,CLB,Gruenebaum,Andy,GK,CLB,17700.0,17700.0,2007-08-31
15,Srdjan Djekanovic,TOR,GK,8.0,7.0,635.0,34.0,22.0,9.0,1.29,2.0,3.0,2.0,2.0,25.0,64.7,2007,REG,1.0,1.0,Djekanovic,Srdjan,TOR,TOR,Djekanovic,Srdjan,GK,TFC,17700.0,17700.0,2007-08-31
16,Greg Sutton,TOR,GK,8.0,8.0,720.0,53.0,36.0,15.0,1.88,2.0,5.0,1.0,1.0,25.0,67.9,2007,REG,2.0,2.0,Sutton,Greg,TOR,TOR,Sutton,Greg,GK,TFC,125000.0,132562.5,2007-08-31
17,Shaka Hislop,DAL,GK,6.0,6.0,540.0,32.0,23.0,9.0,1.5,2.0,3.0,1.0,0.0,33.3,71.9,2007,REG,0.0,0.0,Hislop,Shaka,DAL,DAL,Hislop,Shaka,GK,DAL,220800.0,220800.0,2007-08-31
18,Ray Burse,DAL,GK,6.0,6.0,540.0,29.0,23.0,6.0,1.0,3.0,2.0,1.0,2.0,50.0,79.3,2007,REG,1.0,1.0,Burse,Ray,DAL,DAL,Burse,Ray,GK,DAL,17700.0,17700.0,2007-08-31
20,Preston Burpo,CHV,GK,3.0,3.0,270.0,16.0,13.0,3.0,1.0,1.0,1.0,1.0,1.0,33.3,81.3,2007,REG,0.0,0.0,Burpo,Preston,CHV,CHV,Burpo,Preston,GK,CHV,52491.6,52491.6,2007-08-31
21,Jon Busch,CHI,GK,3.0,3.0,270.0,20.0,15.0,5.0,1.67,1.0,2.0,0.0,1.0,33.3,75.0,2007,REG,2.0,2.0,Busch,Jon,CHI,CHI,Busch,Jon,GK,CHI,58008.0,58008.0,2007-08-31
22,Chris Seitz,HOU,GK,3.0,3.0,270.0,14.0,6.0,8.0,2.67,0.0,2.0,1.0,0.0,0.0,42.9,2007,REG,0.0,0.0,Seitz,Chris,HOU,RSL,Seitz,Chris,GK,RSL,55000.0,90500.0,2007-08-31
24,Zach Thornton,COL,GK,1.0,0.0,32.0,3.0,1.0,2.0,2.0,0.0,1.0,0.0,0.0,0.0,33.3,2007,REG,0.0,0.0,Thornton,Zach,COL,COL,Thornton,Zach,GK,COL,57600.0,57600.0,2007-08-31
25,Jay Nolly,DC,GK,1.0,1.0,90.0,9.0,7.0,2.0,2.0,0.0,1.0,0.0,0.0,0.0,77.8,2007,REG,0.0,0.0,Nolly,Jay,DC,DC,Nolly,Jay,GK,DC,36000.0,36000.0,2007-08-31
26,Steve Cronin,LA,GK,1.0,1.0,90.0,8.0,6.0,2.0,2.0,0.0,1.0,0.0,0.0,0.0,75.0,2007,REG,0.0,0.0,Cronin,Steve,LA,LA,Cronin,Steve,GK,LA,34728.75,42228.75,2007-08-31
27,David Monsalve,TOR,GK,1.0,1.0,90.0,10.0,7.0,3.0,3.0,0.0,1.0,0.0,0.0,0.0,70.0,2007,REG,0.0,0.0,Monsalve,David,TOR,UNK,Monsalve,David,GK,Pool,30000.0,30000.0,2007-08-31
28,Justin Myers,CHV,GK,0.0,0.0,0.0,0.0,0.0,0.0,0.0,0.0,0.0,0.0,0.0,0.0,0.0,2007,REG,0.0,0.0,Myers,Justin,CHV,CHV,Myers,Justin,GK,CHV,12900.0,12900.0,2007-08-31
30,Lance Friesz,LA,GK,0.0,0.0,0.0,0.0,0.0,0.0,0.0,0.0,0.0,0.0,0.0,0.0,0.0,2007,REG,0.0,0.0,Friesz,Lance,LA,LA,Friesz,Lance,GK,LA,12900.0,12900.0,2007-08-31
31,Kyle Reynish,RSL,GK,0.0,0.0,0.0,0.0,0.0,0.0,0.0,0.0,0.0,0.0,0.0,0.0,0.0,2007,REG,0.0,0.0,Reynish,Kyle,RSL,RSL,Reynish,Kyle,GK,RSL,17700.0,17700.0,2007-08-31
32,Jordan James,HOU,GK,0.0,0.0,0.0,0.0,0.0,0.0,0.0,0.0,0.0,0.0,0.0,0.0,0.0,2007,REG,0.0,0.0,James,Jordan,HOU,HOU,James,Jordan,GK,HOU,12900.0,12900.0,2007-08-31
33,Nick Noble,CHI,GK,0.0,0.0,0.0,0.0,0.0,0.0,0.0,0.0,0.0,0.0,0.0,0.0,0.0,2007,REG,0.0,0.0,Noble,Nick,CHI,CHI,Noble,Nick,GK,CHI,12900.0,12900.0,2007-08-31
34,Bill Gaudette,CLB,GK,0.0,0.0,0.0,0.0,0.0,0.0,0.0,0.0,0.0,0.0,0.0,0.0,0.0,2007,REG,0.0,0.0,Gaudette,Bill,CLB,CLB,Gaudette,Bill,GK,CLB,30000.0,30000.0,2007-08-31
35,Justin Hughes,COL,GK,0.0,0.0,0.0,0.0,0.0,0.0,0.0,0.0,0.0,0.0,0.0,0.0,0.0,2007,REG,0.0,0.0,Hughes,Justin,COL,COL,Hughes,Justin,GK,COL,12900.0,12900.0,2007-08-31
36,Shawn Crowe,DC,GK,0.0,0.0,0.0,0.0,0.0,0.0,0.0,0.0,0.0,0.0,0.0,0.0,0.0,2007,REG,0.0,0.0,Crowe,Shawn,DC,DC,Crowe,Shawn,GK,DC,12900.0,12900.0,2007-08-31
37,Eric Kronberg,KC,GK,0.0,0.0,0.0,0.0,0.0,0.0,0.0,0.0,0.0,0.0,0.0,0.0,0.0,2007,REG,0.0,0.0,Kronberg,Eric,KC,KC,Kronberg,Eric,GK,KC,30000.0,30000.0,2007-08-31
38,Chris Konopka,KC,GK,0.0,0.0,0.0,0.0,0.0,0.0,0.0,0.0,0.0,0.0,0.0,0.0,0.0,2007,REG,0.0,0.0,Konopka,Chris,KC,KC,Konopka,Chris,GK,KC,12900.0,12900.0,2007-08-31
39,Boris Pardo,DAL,GK,0.0,0.0,0.0,0.0,0.0,0.0,0.0,0.0,0.0,0.0,0.0,0.0,0.0,2007,REG,0.0,0.0,Pardo,Boris,DAL,UNK,Pardo,Boris,GK,Pool,17700.0,17700.0,2007-08-31
40,Brad Knighton,NE,GK,0.0,0.0,0.0,0.0,0.0,0.0,0.0,0.0,0.0,0.0,0.0,0.0,0.0,2007,REG,0.0,0.0,Knighton,Brad,NE,NE,Knighton,Brad,GK,NE,12900.0,12900.0,2007-08-31
41,Danny Cepero,NY,GK,0.0,0.0,0.0,0.0,0.0,0.0,0.0,0.0,0.0,0.0,0.0,0.0,0.0,2007,REG,0.0,0.0,Cepero,Danny,NY,NY,Cepero,Danny,GK,NY,12900.0,12900.0,2007-08-31
43,Doug Warren,NE,GK,0.0,0.0,0.0,0.0,0.0,0.0,0.0,0.0,0.0,0.0,0.0,0.0,0.0,2007,REG,0.0,0.0,Warren,Doug,NE,NE,Warren,Doug,GK,NE,50000.0,50000.0,2007-08-31
44,Nick Rimando,RSL,GK,30.0,30.0,2700.0,140.0,96.0,39.0,1.3,10.0,10.0,10.0,8.0,33.3,68.6,2008,REG,4.0,4.0,Rimando,Nick,RSL,RSL,Rimando,Nick,GK,RSL,91500.0,95843.75,2008-10-07
45,Jon Busch,CHI,GK,30.0,30.0,2700.0,156.0,122.0,33.0,1.1,13.0,10.0,7.0,10.0,43.3,78.2,2008,REG,0.0,1.0,Busch,Jon,CHI,CHI,Busch,Jon,GK,CHI,80000.0,81250.0,2008-10-07
46,Kevin Hartman,KC,GK,30.0,30.0,2700.0,162.0,117.0,39.0,1.3,11.0,10.0,9.0,10.0,36.7,72.2,2008,REG,3.0,3.0,Hartman,Kevin,KC,KC,Hartman,Kevin,GK,KC,150000.0,150000.0,2008-10-07
47,Joe Cannon,SJ,GK,30.0,30.0,2700.0,166.0,124.0,38.0,1.27,8.0,13.0,9.0,9.0,26.7,74.7,2008,REG,3.0,5.0,Cannon,Joe,SJ,SJ,Cannon,Joe,GK,SJ,213000.0,213000.0,2008-10-07
48,William Hesmer,CLB,GK,29.0,29.0,2610.0,132.0,97.0,33.0,1.14,17.0,6.0,6.0,10.0,58.6,73.5,2008,REG,2.0,5.0,Hesmer,William,CLB,CLB,Hesmer,William,GK,CLB,70000.0,70000.0,2008-10-07
49,Matt Reis,NE,GK,28.0,28.0,2485.0,150.0,107.0,38.0,1.36,11.0,11.0,6.0,6.0,39.3,71.3,2008,REG,3.0,4.0,Reis,Matt,NE,NE,Reis,Matt,GK,NE,161250.0,161250.0,2008-10-07
50,Jon Conway,NY,GK,28.0,28.0,2520.0,146.0,98.0,42.0,1.5,9.0,10.0,9.0,7.0,32.1,67.1,2008,REG,2.0,3.0,Conway,Jon,NY,NY,Conway,Jon,GK,NY,115000.0,115000.0,2008-10-07
51,Dario Sala,DAL,GK,28.0,28.0,2520.0,131.0,92.0,37.0,1.32,8.0,8.0,12.0,7.0,28.6,70.2,2008,REG,1.0,1.0,Sala,Dario,DAL,DAL,Sala,Dario,GK,DAL,130000.0,139875.0,2008-10-07
52,Pat Onstad,HOU,GK,24.0,24.0,2098.0,105.0,76.0,24.0,1.0,10.0,4.0,9.0,7.0,41.7,72.4,2008,REG,0.0,1.0,Onstad,Pat,HOU,HOU,Onstad,Pat,GK,HOU,173000.0,173000.0,2008-10-07
53,Greg Sutton,TOR,GK,24.0,24.0,2160.0,160.0,116.0,35.0,1.46,7.0,10.0,7.0,6.0,29.2,72.5,2008,REG,6.0,7.0,Sutton,Greg,TOR,TOR,Sutton,Greg,GK,TFC,150000.0,157562.5,2008-10-07
54,Steve Cronin,LA,GK,22.0,22.0,1935.0,141.0,92.0,44.0,2.0,6.0,9.0,6.0,2.0,27.3,65.2,2008,REG,3.0,3.0,Cronin,Steve,LA,LA,Cronin,Steve,GK,LA,75000.0,75000.0,2008-10-07
56,Bouna Coundoul,COL,GK,17.0,17.0,1530.0,77.0,54.0,21.0,1.24,6.0,8.0,3.0,5.0,35.3,70.1,2008,REG,3.0,3.0,Coundoul,Bouna,COL,COL,Coundoul,Bouna,GK,COL,33000.0,33000.0,2008-10-07
57,Brad Guzan,ATL,GK,15.0,15.0,1350.0,71.0,48.0,20.0,1.33,6.0,5.0,4.0,4.0,40.0,67.6,2008,REG,1.0,1.0,Guzan,Brad,ATL,CHV,Guzan,Brad,GK,CHV,88974.0,103974.38,2008-10-07
58,Preston Burpo,COL,GK,13.0,13.0,1170.0,63.0,37.0,24.0,1.85,5.0,6.0,2.0,3.0,38.5,58.7,2008,REG,1.0,2.0,Burpo,Preston,COL,COL,Burpo,Preston,GK,COL,55116.0,55116.18,2008-10-07
59,Louis Crayton,DC,GK,12.0,12.0,1080.0,64.0,43.0,19.0,1.58,3.0,6.0,3.0,4.0,25.0,67.2,2008,REG,0.0,0.0,Crayton,Louis,DC,DC,Crayton,Louis,GK,DC,168000.0,175857.14,2008-10-07
60,Dan Kennedy,CHV,GK,9.0,8.0,699.0,33.0,23.0,8.0,1.0,4.0,3.0,0.0,3.0,44.4,69.7,2008,REG,1.0,2.0,Kennedy,Dan,CHV,CHV,Kennedy,Dan,GK,CHV,33000.0,33000.0,2008-10-07
61,Zach Thornton,CHV,GK,8.0,7.0,651.0,32.0,16.0,13.0,1.86,2.0,3.0,3.0,1.0,25.0,50.0,2008,REG,1.0,1.0,Thornton,Zach,CHV,CHV,Thornton,Zach,GK,CHV,50000.0,52500.0,2008-10-07
62,Tony Caig,HOU,GK,7.0,6.0,602.0,36.0,24.0,8.0,1.33,3.0,1.0,3.0,3.0,42.9,66.7,2008,REG,0.0,0.0,Caig,Tony,HOU,HOU,Caig,Tony,GK,HOU,52596.0,52596.0,2008-10-07
63,Josh Wicks,LA,GK,6.0,5.0,495.0,33.0,20.0,12.0,2.4,1.0,2.0,3.0,0.0,16.7,60.6,2008,REG,0.0,0.0,Wicks,Josh,LA,LA,Wicks,Josh,GK,LA,38000.0,38000.0,2008-10-07
64,Brian Edwards,TOR,GK,6.0,6.0,540.0,31.0,23.0,8.0,1.33,2.0,3.0,1.0,2.0,33.3,74.2,2008,REG,0.0,0.0,Edwards,Brian,TOR,TOR,Edwards,Brian,GK,TFC,36000.0,44750.0,2008-10-07
65,Doug Warren,NE,GK,3.0,2.0,215.0,10.0,5.0,5.0,2.5,1.0,0.0,1.0,0.0,33.3,50.0,2008,REG,0.0,0.0,Warren,Doug,NE,NE,Warren,Doug,GK,NE,52500.0,52500.0,2008-10-07
66,Josh Saunders,LA,GK,3.0,3.0,270.0,13.0,8.0,6.0,2.0,1.0,2.0,0.0,0.0,33.3,61.5,2008,REG,1.0,1.0,Saunders,Josh,LA,LA,Saunders,Josh,GK,LA,33000.0,33000.0,2008-10-07
67,Ray Burse,DAL,GK,2.0,2.0,180.0,16.0,12.0,4.0,2.0,0.0,2.0,0.0,0.0,0.0,75.0,2008,REG,1.0,1.0,Burse,Ray,DAL,DAL,Burse,Ray,GK,DAL,33000.0,33000.0,2008-10-07
69,Andy Gruenebaum,CLB,GK,1.0,1.0,90.0,5.0,2.0,3.0,3.0,0.0,1.0,0.0,0.0,0.0,40.0,2008,REG,0.0,0.0,Gruenebaum,Andy,CLB,CLB,Gruenebaum,Andy,GK,CLB,33000.0,33000.0,2008-10-07
72,Lance Parker,CHV,GK,0.0,0.0,0.0,0.0,0.0,0.0,0.0,0.0,0.0,0.0,0.0,0.0,0.0,2008,REG,0.0,0.0,Parker,Lance,CHV,CHV,Parker,Lance,GK,CHV,12900.0,12900.0,2008-10-07
73,Josh Lambo,DAL,GK,0.0,0.0,0.0,0.0,0.0,0.0,0.0,0.0,0.0,0.0,0.0,0.0,0.0,2008,REG,0.0,0.0,Lambo,Josh,DAL,DAL,Lambo,Josh,GK,DAL,45000.0,78000.0,2008-10-07
74,Corbin Waller,HOU,GK,0.0,0.0,0.0,0.0,0.0,0.0,0.0,0.0,0.0,0.0,0.0,0.0,0.0,2008,REG,0.0,0.0,Waller,Corbin,HOU,HOU,Waller,Corbin,GK,HOU,12900.0,12900.0,2008-10-07
75,Charles Alamo,LA,GK,0.0,0.0,0.0,0.0,0.0,0.0,0.0,0.0,0.0,0.0,0.0,0.0,0.0,2008,REG,0.0,0.0,Alamo,Charles,LA,LA,Alamo,Charles,GK,LA,12900.0,12900.0,2008-10-07
77,Kenny Schoeni,CLB,GK,0.0,0.0,0.0,0.0,0.0,0.0,0.0,0.0,0.0,0.0,0.0,0.0,0.0,2008,REG,0.0,0.0,Schoeni,Kenny,CLB,CLB,Schoeni,Kenny,GK,CLB,17700.0,17700.0,2008-10-07
78,David Monsalve,DAL,GK,0.0,0.0,0.0,0.0,0.0,0.0,0.0,0.0,0.0,0.0,0.0,0.0,0.0,2008,REG,0.0,0.0,Monsalve,David,DAL,UNK,Monsalve,David,GK,Pool,33000.0,33000.0,2008-10-07
79,Justin Hughes,COL,GK,0.0,0.0,0.0,0.0,0.0,0.0,0.0,0.0,0.0,0.0,0.0,0.0,0.0,2008,REG,0.0,0.0,Hughes,Justin,COL,COL,Hughes,Justin,GK,COL,12900.0,12900.0,2008-10-07
80,Eric Kronberg,KC,GK,0.0,0.0,0.0,0.0,0.0,0.0,0.0,0.0,0.0,0.0,0.0,0.0,0.0,2008,REG,0.0,0.0,Kronberg,Eric,KC,KC,Kronberg,Eric,GK,KC,33000.0,33000.0,2008-10-07
81,Boris Pardo,KC,GK,0.0,0.0,0.0,0.0,0.0,0.0,0.0,0.0,0.0,0.0,0.0,0.0,0.0,2008,REG,0.0,0.0,Pardo,Boris,KC,KC,Pardo,Boris,GK,KC,12900.0,12900.0,2008-10-07
82,Brad Knighton,NE,GK,0.0,0.0,0.0,0.0,0.0,0.0,0.0,0.0,0.0,0.0,0.0,0.0,0.0,2008,REG,0.0,0.0,Knighton,Brad,NE,NE,Knighton,Brad,GK,NE,17700.0,17700.0,2008-10-07
83,Nick Noble,CHI,GK,0.0,0.0,0.0,0.0,0.0,0.0,0.0,0.0,0.0,0.0,0.0,0.0,0.0,2008,REG,0.0,0.0,Noble,Nick,CHI,CHI,Noble,Nick,GK,CHI,17700.0,17700.0,2008-10-07
84,Terry Boss,NY,GK,0.0,0.0,0.0,0.0,0.0,0.0,0.0,0.0,0.0,0.0,0.0,0.0,0.0,2008,REG,0.0,0.0,Boss,Terry,NY,NY,Boss,Terry,GK,NY,33000.0,35500.0,2008-10-07
85,Tyler Kettering,CHI,GK,0.0,0.0,0.0,0.0,0.0,0.0,0.0,0.0,0.0,0.0,0.0,0.0,0.0,2008,REG,0.0,0.0,Kettering,Tyler,CHI,CHI,Kettering,Tyler,GK,CHI,12900.0,12900.0,2008-10-07
86,Andrew Kartunen,KC,GK,0.0,0.0,0.0,0.0,0.0,0.0,0.0,0.0,0.0,0.0,0.0,0.0,0.0,2008,REG,0.0,0.0,Kartunen,Andrew,KC,UNK,Kartunen,Andrew,GK,Pool,12900.0,12900.0,2008-10-07
88,Kyle Reynish,RSL,GK,0.0,0.0,0.0,0.0,0.0,0.0,0.0,0.0,0.0,0.0,0.0,0.0,0.0,2008,REG,0.0,0.0,Reynish,Kyle,RSL,RSL,Reynish,Kyle,GK,RSL,17700.0,17700.0,2008-10-07
89,Chris Seitz,HOU,GK,0.0,0.0,0.0,0.0,0.0,0.0,0.0,0.0,0.0,0.0,0.0,0.0,0.0,2008,REG,0.0,0.0,Seitz,Chris,HOU,RSL,Seitz,Chris,GK,RSL,70000.0,105500.0,2008-10-07
90,Mike Graczyk,COL,GK,0.0,0.0,0.0,0.0,0.0,0.0,0.0,0.0,0.0,0.0,0.0,0.0,0.0,2008,REG,0.0,0.0,Graczyk,Mike,COL,UNK,Graczyk,Mike,GK,Pool,17700.0,17700.0,2008-10-07
92,James Thorpe,DC,GK,0.0,0.0,0.0,0.0,0.0,0.0,0.0,0.0,0.0,0.0,0.0,0.0,0.0,2008,REG,0.0,0.0,Thorpe,James,DC,DC,Thorpe,James,GK,DC,12900.0,12900.0,2008-10-07
93,Michael Gustavson,SJ,GK,0.0,0.0,0.0,0.0,0.0,0.0,0.0,0.0,0.0,0.0,0.0,0.0,0.0,2008,REG,0.0,0.0,Gustavson,Michael,SJ,SJ,Gustavson,Michael,GK,SJ,12900.0,12900.0,2008-10-07
94,Pat Onstad,HOU,GK,30.0,30.0,2700.0,121.0,89.0,29.0,0.97,13.0,8.0,9.0,10.0,43.3,73.6,2009,REG,2.0,4.0,Onstad,Pat,HOU,HOU,Onstad,Pat,GK,HOU,181650.0,181650.0,2009-09-15
95,Jon Busch,CHI,GK,30.0,30.0,2700.0,136.0,103.0,34.0,1.13,11.0,7.0,12.0,10.0,36.7,75.7,2009,REG,5.0,5.0,Busch,Jon,CHI,CHI,Busch,Jon,GK,CHI,135000.0,136350.0,2009-09-15
96,Kevin Hartman,KC,GK,30.0,30.0,2700.0,153.0,105.0,42.0,1.4,8.0,13.0,9.0,7.0,26.7,68.6,2009,REG,3.0,4.0,Hartman,Kevin,KC,KC,Hartman,Kevin,GK,KC,165000.0,165000.0,2009-09-15
97,Kasey Keller,SEA,GK,29.0,29.0,2549.0,108.0,78.0,26.0,0.9,12.0,5.0,11.0,10.0,41.4,72.2,2009,REG,1.0,3.0,Keller,Kasey,SEA,SEA,Keller,Kasey,GK,SEA,300000.0,300000.0,2009-09-15
98,Joe Cannon,SJ,GK,28.0,28.0,2520.0,147.0,97.0,47.0,1.68,6.0,14.0,8.0,3.0,21.4,66.0,2009,REG,3.0,3.0,Cannon,Joe,SJ,SJ,Cannon,Joe,GK,SJ,180500.0,190756.25,2009-09-15
99,Zach Thornton,CHV,GK,27.0,27.0,2385.0,111.0,83.0,23.0,0.85,12.0,9.0,6.0,12.0,44.4,74.8,2009,REG,2.0,2.0,Thornton,Zach,CHV,CHV,Thornton,Zach,GK,CHV,52500.0,55000.0,2009-09-15
100,Donovan Ricketts,LA,GK,26.0,26.0,2274.0,112.0,82.0,26.0,1.0,10.0,5.0,10.0,9.0,38.5,73.2,2009,REG,4.0,5.0,Ricketts,Donovan,LA,LA,Ricketts,Donovan,GK,LA,150000.0,150000.0,2009-09-15
101,Nick Rimando,RSL,GK,26.0,26.0,2285.0,108.0,73.0,29.0,1.12,10.0,10.0,6.0,9.0,38.5,67.6,2009,REG,0.0,2.0,Rimando,Nick,RSL,RSL,Rimando,Nick,GK,RSL,105000.0,116000.0,2009-09-15
102,Stefan Frei,SEA,GK,26.0,26.0,2295.0,141.0,98.0,38.0,1.46,9.0,9.0,7.0,5.0,34.6,69.5,2009,REG,3.0,4.0,Frei,Stefan,SEA,TOR,Frei,Stefan,GK,TFC,65000.0,120000.0,2009-09-15
103,Matt Reis,NE,GK,24.0,24.0,2160.0,140.0,114.0,23.0,0.96,10.0,8.0,6.0,8.0,41.7,81.4,2009,REG,2.0,3.0,Reis,Matt,NE,NE,Reis,Matt,GK,NE,173344.0,173343.75,2009-09-15
104,Josh Wicks,DC,GK,19.0,19.0,1672.0,104.0,78.0,26.0,1.37,5.0,5.0,8.0,5.0,26.3,75.0,2009,REG,4.0,5.0,Wicks,Josh,DC,DC,Wicks,Josh,GK,DC,42000.0,42000.0,2009-09-15
105,Matt Pickens,COL,GK,19.0,19.0,1710.0,63.0,39.0,22.0,1.16,9.0,6.0,4.0,7.0,47.4,61.9,2009,REG,4.0,4.0,Pickens,Matt,COL,COL,Pickens,Matt,GK,COL,125000.0,127500.0,2009-09-15
106,William Hesmer,CLB,GK,19.0,19.0,1710.0,86.0,68.0,18.0,0.95,9.0,4.0,6.0,7.0,47.4,79.1,2009,REG,0.0,0.0,Hesmer,William,CLB,CLB,Hesmer,William,GK,CLB,77000.0,77000.0,2009-09-15
107,Ray Burse,DAL,GK,17.0,16.0,1503.0,92.0,62.0,27.0,1.69,4.0,8.0,5.0,1.0,23.5,67.4,2009,REG,2.0,2.0,Burse,Ray,DAL,DAL,Burse,Ray,GK,DAL,34650.0,34650.0,2009-09-15
108,Dario Sala,DAL,GK,14.0,14.0,1195.0,63.0,43.0,20.0,1.43,7.0,5.0,1.0,4.0,50.0,68.3,2009,REG,2.0,2.0,Sala,Dario,DAL,DAL,Sala,Dario,GK,DAL,140000.0,158125.0,2009-09-15
110,Preston Burpo,COL,GK,11.0,11.0,990.0,41.0,23.0,16.0,1.45,1.0,4.0,6.0,1.0,9.1,56.1,2009,REG,1.0,1.0,Burpo,Preston,COL,COL,Burpo,Preston,GK,COL,57872.0,57871.99,2009-09-15
111,Andy Gruenebaum,CLB,GK,10.0,10.0,900.0,36.0,21.0,12.0,1.2,4.0,2.0,4.0,1.0,40.0,58.3,2009,REG,1.0,2.0,Gruenebaum,Andy,CLB,CLB,Gruenebaum,Andy,GK,CLB,34650.0,34650.0,2009-09-15
112,Jon Conway,CHV,GK,9.0,9.0,810.0,51.0,33.0,16.0,1.78,1.0,7.0,1.0,1.0,11.1,64.7,2009,REG,4.0,4.0,Conway,Jon,CHV,CHV,Conway,Jon,GK,CHV,36000.0,42125.0,2009-09-15
113,Bouna Coundoul,NY,GK,8.0,8.0,720.0,46.0,32.0,10.0,1.25,2.0,4.0,2.0,2.0,25.0,69.6,2009,REG,1.0,2.0,Coundoul,Bouna,NY,NY,Coundoul,Bouna,GK,NY,124000.0,125249.96,2009-09-15
114,Josh Saunders,LA,GK,6.0,4.0,426.0,18.0,12.0,5.0,1.25,2.0,1.0,2.0,2.0,33.3,66.7,2009,REG,1.0,1.0,Saunders,Josh,LA,LA,Saunders,Josh,GK,LA,41340.0,44473.75,2009-09-15
115,Brad Knighton,NE,GK,6.0,6.0,540.0,49.0,36.0,14.0,2.33,1.0,2.0,3.0,0.0,16.7,73.5,2009,REG,0.0,0.0,Knighton,Brad,NE,NE,Knighton,Brad,GK,NE,34000.0,34000.0,2009-09-15
117,Milos Kocic,DC,GK,4.0,3.0,308.0,16.0,9.0,8.0,2.67,1.0,2.0,1.0,0.0,25.0,56.3,2009,REG,0.0,0.0,Kocic,Milos,DC,DC,Kocic,Milos,GK,DC,20100.0,20100.0,2009-09-15
118,Lance Parker,CHV,GK,4.0,3.0,315.0,19.0,11.0,8.0,2.67,1.0,2.0,0.0,1.0,25.0,57.9,2009,REG,1.0,1.0,Parker,Lance,CHV,CHV,Parker,Lance,GK,CHV,20100.0,20100.0,2009-09-15
119,Chris Seitz,HOU,GK,4.0,4.0,360.0,20.0,13.0,5.0,1.25,1.0,2.0,1.0,1.0,25.0,65.0,2009,REG,1.0,1.0,Seitz,Chris,HOU,RSL,Seitz,Chris,GK,RSL,75000.0,110500.0,2009-09-15
120,Brian Edwards,TOR,GK,3.0,3.0,270.0,17.0,11.0,6.0,2.0,1.0,1.0,1.0,1.0,33.3,64.7,2009,REG,1.0,1.0,Edwards,Brian,TOR,TOR,Edwards,Brian,GK,TFC,39600.0,48350.0,2009-09-15
123,Andrew Weber,SJ,GK,2.0,2.0,180.0,17.0,11.0,3.0,1.5,1.0,0.0,1.0,0.0,50.0,64.7,2009,REG,0.0,0.0,Weber,Andrew,SJ,SJ,Weber,Andrew,GK,SJ,37500.0,37500.0,2009-09-15
124,Kyle Reynish,RSL,GK,1.0,0.0,55.0,2.0,1.0,1.0,1.0,0.0,0.0,0.0,0.0,0.0,50.0,2009,REG,0.0,0.0,Reynish,Kyle,RSL,RSL,Reynish,Kyle,GK,RSL,34000.0,34000.0,2009-09-15
125,Ben Dragavon,SEA,GK,1.0,0.0,61.0,3.0,2.0,1.0,1.0,0.0,1.0,0.0,0.0,0.0,66.7,2009,REG,0.0,0.0,Dragavon,Ben,SEA,UNK,Dragavon,Ben,GK,Pool,34000.0,34000.0,2009-09-15
127,Chris Eylander,SEA,GK,1.0,1.0,90.0,3.0,1.0,2.0,2.0,0.0,1.0,0.0,0.0,0.0,33.3,2009,REG,0.0,0.0,Eylander,Chris,SEA,SEA,Eylander,Chris,GK,SEA,45500.0,45500.0,2009-09-15
128,Kenny Schoeni,CLB,GK,1.0,1.0,90.0,5.0,4.0,1.0,1.0,0.0,1.0,0.0,0.0,0.0,80.0,2009,REG,0.0,0.0,Schoeni,Kenny,CLB,CLB,Schoeni,Kenny,GK,CLB,34000.0,34000.0,2009-09-15
129,Josh Lambo,DAL,GK,0.0,0.0,0.0,0.0,0.0,0.0,0.0,0.0,0.0,0.0,0.0,0.0,0.0,2009,REG,0.0,0.0,Lambo,Josh,DAL,DAL,Lambo,Josh,GK,DAL,70000.0,103000.0,2009-09-15
130,Dan Kennedy,CHV,GK,0.0,0.0,0.0,0.0,0.0,0.0,0.0,0.0,0.0,0.0,0.0,0.0,0.0,2009,REG,0.0,0.0,Kennedy,Dan,CHV,CHV,Kennedy,Dan,GK,CHV,50000.0,50000.0,2009-09-15
131,Mike Graczyk,SJ,GK,0.0,0.0,0.0,0.0,0.0,0.0,0.0,0.0,0.0,0.0,0.0,0.0,0.0,2009,REG,0.0,0.0,Graczyk,Mike,SJ,SJ,Graczyk,Mike,GK,SJ,20100.0,20100.0,2009-09-15
132,Tally Hall,DC,GK,0.0,0.0,0.0,0.0,0.0,0.0,0.0,0.0,0.0,0.0,0.0,0.0,0.0,2009,REG,0.0,0.0,Hall,Tally,DC,HOU,Hall,Tally,GK,HOU,45000.0,54375.0,2009-09-15
134,Eric Kronberg,KC,GK,0.0,0.0,0.0,0.0,0.0,0.0,0.0,0.0,0.0,0.0,0.0,0.0,0.0,2009,REG,0.0,0.0,Kronberg,Eric,KC,KC,Kronberg,Eric,GK,KC,34650.0,34650.0,2009-09-15
135,Boris Pardo,KC,GK,0.0,0.0,0.0,0.0,0.0,0.0,0.0,0.0,0.0,0.0,0.0,0.0,0.0,2009,REG,0.0,0.0,Pardo,Boris,KC,KC,Pardo,Boris,GK,KC,20100.0,20100.0,2009-09-15
136,Andrew Dykstra,SKC,GK,0.0,0.0,0.0,0.0,0.0,0.0,0.0,0.0,0.0,0.0,0.0,0.0,0.0,2009,REG,0.0,0.0,Dykstra,Andrew,KC,CHI,Dykstra,Andrew,GK,CHI,34000.0,34000.0,2009-09-15
138,Tyler Deric,HOU,GK,0.0,0.0,0.0,0.0,0.0,0.0,0.0,0.0,0.0,0.0,0.0,0.0,0.0,2009,REG,0.0,0.0,Deric,Tyler,HOU,HOU,Deric,Tyler,GK,HOU,20100.0,20100.0,2009-09-15
140,Terry Boss,SEA,GK,0.0,0.0,0.0,0.0,0.0,0.0,0.0,0.0,0.0,0.0,0.0,0.0,0.0,2009,REG,0.0,0.0,Boss,Terry,SEA,SEA,Boss,Terry,GK,SEA,36000.0,38500.0,2009-09-15
141,Steward Ceus,COL,GK,0.0,0.0,0.0,0.0,0.0,0.0,0.0,0.0,0.0,0.0,0.0,0.0,0.0,2009,REG,0.0,0.0,Ceus,Steward,COL,COL,Ceus,Steward,GK,COL,20100.0,20100.0,2009-09-15
142,Kasey Keller,SEA,GK,30.0,30.0,2655.0,119.0,82.0,34.0,1.13,14.0,10.0,5.0,11.0,46.7,68.9,2010,REG,4.0,5.0,Keller,Kasey,SEA,SEA,Keller,Kasey,GK,SEA,300000.0,300000.0,2010-08-12
143,William Hesmer,CLB,GK,30.0,30.0,2700.0,122.0,84.0,33.0,1.1,14.0,8.0,8.0,11.0,46.7,68.9,2010,REG,4.0,4.0,Hesmer,William,CLB,CLB,Hesmer,William,GK,CLB,125000.0,136000.0,2010-08-12
144,Donovan Ricketts,LA,GK,29.0,29.0,2610.0,104.0,79.0,26.0,0.9,18.0,7.0,4.0,11.0,62.1,76.0,2010,REG,1.0,1.0,Ricketts,Donovan,LA,LA,Ricketts,Donovan,GK,LA,160000.0,160000.0,2010-08-12
145,Matt Pickens,COL,GK,29.0,29.0,2610.0,120.0,88.0,32.0,1.1,11.0,8.0,10.0,7.0,37.9,73.3,2010,REG,4.0,4.0,Pickens,Matt,COL,COL,Pickens,Matt,GK,COL,135000.0,137500.0,2010-08-12
146,Jimmy Nielsen,KC,GK,29.0,29.0,2610.0,114.0,80.0,34.0,1.17,10.0,13.0,6.0,10.0,34.5,70.2,2010,REG,1.0,1.0,Nielsen,Jimmy,KC,KC,Nielsen,Jimmy,GK,KC,100000.0,141666.67,2010-08-12
147,Stefan Frei,SEA,GK,28.0,28.0,2520.0,153.0,108.0,37.0,1.32,8.0,13.0,7.0,8.0,28.6,70.6,2010,REG,6.0,6.0,Frei,Stefan,SEA,TOR,Frei,Stefan,GK,TFC,80000.0,135000.0,2010-08-12
148,Bouna Coundoul,NY,GK,27.0,27.0,2430.0,134.0,105.0,28.0,1.04,14.0,8.0,5.0,11.0,51.9,78.4,2010,REG,1.0,2.0,Coundoul,Bouna,NY,NY,Coundoul,Bouna,GK,NY,155000.0,156250.0,2010-08-12
149,Nick Rimando,RSL,GK,27.0,27.0,2430.0,100.0,78.0,18.0,0.67,15.0,4.0,8.0,14.0,55.6,78.0,2010,REG,4.0,4.0,Rimando,Nick,RSL,RSL,Rimando,Nick,GK,RSL,120000.0,131000.0,2010-08-12
150,Zach Thornton,CHV,GK,23.0,23.0,2015.0,97.0,63.0,33.0,1.43,6.0,12.0,3.0,6.0,26.1,64.9,2010,REG,3.0,3.0,Thornton,Zach,CHV,CHV,Thornton,Zach,GK,CHV,145000.0,152500.0,2010-08-12
151,Chris Seitz,HOU,GK,23.0,22.0,2047.0,114.0,68.0,41.0,1.86,5.0,12.0,6.0,0.0,21.7,59.6,2010,REG,4.0,5.0,Seitz,Chris,HOU,PHI,Seitz,Chris,GK,PHI,100000.0,135500.0,2010-08-12
153,Troy Perkins,DC,GK,22.0,22.0,1980.0,109.0,72.0,37.0,1.68,3.0,15.0,4.0,5.0,13.6,66.1,2010,REG,2.0,3.0,Perkins,Troy,DC,DC,Perkins,Troy,GK,DC,200000.0,205000.0,2010-08-12
154,Kevin Hartman,DAL,GK,20.0,20.0,1755.0,71.0,56.0,12.0,0.6,10.0,1.0,8.0,9.0,50.0,78.9,2010,REG,1.0,2.0,Hartman,Kevin,DAL,DAL,Hartman,Kevin,GK,DAL,75000.0,80000.0,2010-08-12
155,Jon Busch,SJ,GK,18.0,18.0,1620.0,104.0,81.0,19.0,1.06,7.0,6.0,5.0,7.0,38.9,77.9,2010,REG,0.0,0.0,Busch,Jon,SJ,SJ,Busch,Jon,GK,SJ,84000.0,90800.0,2010-08-12
156,Andrew Dykstra,SKC,GK,17.0,17.0,1530.0,80.0,55.0,21.0,1.24,5.0,6.0,6.0,5.0,29.4,68.8,2010,REG,2.0,2.0,Dykstra,Andrew,KC,CHI,Dykstra,Andrew,GK,CHI,40000.0,40000.0,2010-08-12
157,Matt Reis,NE,GK,14.0,14.0,1260.0,79.0,51.0,25.0,1.79,4.0,7.0,3.0,3.0,28.6,64.6,2010,REG,2.0,3.0,Reis,Matt,NE,NE,Reis,Matt,GK,NE,182011.0,182011.0,2010-08-12
158,Sean Johnson,NYC,GK,13.0,13.0,1170.0,69.0,52.0,17.0,1.31,4.0,6.0,3.0,3.0,30.8,75.4,2010,REG,4.0,5.0,Johnson,Sean,NYCFC,CHI,Johnson,Sean,GK,CHI,55000.0,88000.0,2010-08-12
159,Joe Cannon,SJ,GK,12.0,12.0,1080.0,55.0,38.0,14.0,1.17,6.0,4.0,2.0,6.0,50.0,69.1,2010,REG,0.0,0.0,Cannon,Joe,SJ,SJ,Cannon,Joe,GK,SJ,190000.0,200256.25,2010-08-12
160,Preston Burpo,NE,GK,11.0,11.0,939.0,65.0,48.0,16.0,1.45,2.0,6.0,2.0,2.0,18.2,73.8,2010,REG,0.0,0.0,Burpo,Preston,NE,NE,Burpo,Preston,GK,NE,70000.0,70000.0,2010-08-12
161,Dario Sala,DAL,GK,11.0,10.0,945.0,50.0,34.0,16.0,1.6,2.0,3.0,6.0,1.0,18.2,68.0,2010,REG,1.0,2.0,Sala,Dario,DAL,DAL,Sala,Dario,GK,DAL,160000.0,178125.0,2010-08-12
162,Brad Knighton,NE,GK,8.0,8.0,652.0,33.0,23.0,8.0,1.0,3.0,3.0,1.0,2.0,37.5,69.7,2010,REG,0.0,0.0,Knighton,Brad,NE,PHI,Knighton,Brad,GK,PHI,40000.0,40000.0,2010-08-12
163,Bill Hamid,DC,GK,8.0,8.0,720.0,31.0,20.0,10.0,1.25,3.0,5.0,0.0,1.0,37.5,64.5,2010,REG,0.0,0.0,Hamid,Bill,DC,DC,Hamid,Bill,GK,DC,40000.0,46666.66,2010-08-12
164,Dan Kennedy,CHV,GK,7.0,6.0,594.0,31.0,22.0,8.0,1.33,2.0,4.0,1.0,0.0,28.6,71.0,2010,REG,0.0,0.0,Kennedy,Dan,CHV,CHV,Kennedy,Dan,GK,CHV,54996.0,54996.0,2010-08-12
166,Tally Hall,DC,GK,5.0,5.0,450.0,26.0,18.0,8.0,1.6,1.0,3.0,1.0,1.0,20.0,69.2,2010,REG,0.0,0.0,Hall,Tally,DC,HOU,Hall,Tally,GK,HOU,60000.0,69375.0,2010-08-12
167,Kyle Reynish,RSL,GK,3.0,3.0,270.0,13.0,11.0,2.0,0.67,0.0,0.0,3.0,1.0,0.0,84.6,2010,REG,0.0,0.0,Reynish,Kyle,RSL,RSL,Reynish,Kyle,GK,RSL,40000.0,40000.0,2010-08-12
168,Greg Sutton,NY,GK,3.0,3.0,270.0,10.0,9.0,1.0,0.33,1.0,1.0,1.0,2.0,33.3,90.0,2010,REG,0.0,0.0,Sutton,Greg,NY,NY,Sutton,Greg,GK,NY,72000.0,76500.0,2010-08-12
169,Milos Kocic,TOR,GK,2.0,1.0,107.0,8.0,5.0,3.0,3.0,1.0,0.0,1.0,0.0,50.0,62.5,2010,REG,1.0,1.0,Kocic,Milos,TOR,TOR,Kocic,Milos,GK,TFC,40000.0,40000.0,2010-08-12
170,Tyler Deric,HOU,GK,2.0,2.0,180.0,9.0,8.0,1.0,0.5,2.0,0.0,0.0,1.0,100.0,88.9,2010,REG,0.0,0.0,Deric,Tyler,HOU,HOU,Deric,Tyler,GK,HOU,40000.0,40000.0,2010-08-12
171,Terry Boss,SEA,GK,1.0,0.0,45.0,2.0,1.0,1.0,1.0,0.0,0.0,1.0,0.0,0.0,50.0,2010,REG,1.0,1.0,Boss,Terry,SEA,SEA,Boss,Terry,GK,SEA,40000.0,42500.0,2010-08-12
172,Jon Conway,TOR,GK,1.0,1.0,72.0,2.0,2.0,1.0,1.0,0.0,0.0,0.0,0.0,0.0,100.0,2010,REG,0.0,0.0,Conway,Jon,TOR,TOR,Conway,Jon,GK,TFC,60000.0,69833.33,2010-08-12
173,Eric Kronberg,KC,GK,1.0,1.0,90.0,4.0,3.0,1.0,1.0,1.0,0.0,0.0,0.0,100.0,75.0,2010,REG,0.0,0.0,Kronberg,Eric,KC,KC,Kronberg,Eric,GK,KC,56000.0,56000.0,2010-08-12
174,Kevin Guppy,CHV,GK,1.0,1.0,90.0,9.0,6.0,3.0,3.0,0.0,1.0,0.0,0.0,0.0,66.7,2010,REG,1.0,1.0,Guppy,Kevin,CHV,UNK,Guppy,Kevin,GK,Pool,40000.0,40000.0,2010-08-12
175,Josh Saunders,LA,GK,1.0,1.0,90.0,1.0,1.0,0.0,0.0,0.0,0.0,1.0,1.0,0.0,100.0,2010,REG,0.0,0.0,Saunders,Josh,LA,LA,Saunders,Josh,GK,LA,57475.0,60608.75,2010-08-12
176,Ian Joyce,COL,GK,1.0,1.0,90.0,4.0,4.0,0.0,0.0,1.0,0.0,0.0,1.0,100.0,100.0,2010,REG,0.0,0.0,Joyce,Ian,COL,COL,Joyce,Ian,GK,COL,54000.0,54000.0,2010-08-12
177,Josh Lambo,DAL,GK,0.0,0.0,0.0,0.0,0.0,0.0,0.0,0.0,0.0,0.0,0.0,0.0,0.0,2010,REG,0.0,0.0,Lambo,Josh,DAL,DAL,Lambo,Josh,GK,DAL,75000.0,108000.0,2010-08-12
180,Steward Ceus,COL,GK,0.0,0.0,0.0,0.0,0.0,0.0,0.0,0.0,0.0,0.0,0.0,0.0,0.0,2010,REG,0.0,0.0,Ceus,Steward,COL,COL,Ceus,Steward,GK,COL,40000.0,40000.0,2010-08-12
182,Andy Gruenebaum,CLB,GK,0.0,0.0,0.0,0.0,0.0,0.0,0.0,0.0,0.0,0.0,0.0,0.0,0.0,2010,REG,0.0,0.0,Gruenebaum,Andy,CLB,CLB,Gruenebaum,Andy,GK,CLB,40000.0,40000.0,2010-08-12
183,Andrew Quinn,DC,GK,0.0,0.0,0.0,0.0,0.0,0.0,0.0,0.0,0.0,0.0,0.0,0.0,0.0,2010,REG,0.0,0.0,Quinn,Andrew,DC,DC,Quinn,Andrew,GK,DC,40008.0,40008.0,2010-08-12
184,Tim Murray,NE,GK,0.0,0.0,0.0,0.0,0.0,0.0,0.0,0.0,0.0,0.0,0.0,0.0,0.0,2010,REG,0.0,0.0,Murray,Tim,NE,NE,Murray,Tim,GK,NE,40000.0,40000.0,2010-08-12
185,Tim Melia,SKC,GK,0.0,0.0,0.0,0.0,0.0,0.0,0.0,0.0,0.0,0.0,0.0,0.0,0.0,2010,REG,0.0,0.0,Melia,Tim,KC,RSL,Melia,Tim,GK,RSL,40000.0,40000.0,2010-08-12
187,Brian Perk,LA,GK,0.0,0.0,0.0,0.0,0.0,0.0,0.0,0.0,0.0,0.0,0.0,0.0,0.0,2010,REG,0.0,0.0,Perk,Brian,LA,LA,Perk,Brian,GK,LA,52250.0,86350.0,2010-08-12
189,Kasey Keller,SEA,GK,34.0,34.0,3060.0,145.0,110.0,37.0,1.09,18.0,7.0,9.0,9.0,52.9,75.9,2011,REG,3.0,4.0,Keller,Kasey,SEA,SEA,Keller,Kasey,GK,SEA,250000.0,250000.0,2011-09-01
190,Matt Pickens,COL,GK,34.0,34.0,3060.0,116.0,76.0,41.0,1.21,12.0,9.0,13.0,8.0,35.3,65.5,2011,REG,2.0,2.0,Pickens,Matt,COL,COL,Pickens,Matt,GK,COL,155250.0,157750.0,2011-09-01
191,Tally Hall,DC,GK,34.0,34.0,3060.0,143.0,99.0,41.0,1.21,12.0,9.0,13.0,6.0,35.3,69.2,2011,REG,5.0,5.0,Hall,Tally,DC,HOU,Hall,Tally,GK,HOU,85000.0,94375.0,2011-09-01
192,Kevin Hartman,DAL,GK,33.0,33.0,2970.0,124.0,85.0,35.0,1.06,15.0,11.0,7.0,13.0,45.5,68.5,2011,REG,3.0,3.0,Hartman,Kevin,DAL,DAL,Hartman,Kevin,GK,DAL,155000.0,175000.0,2011-09-01
193,Nick Rimando,RSL,GK,33.0,33.0,2970.0,134.0,95.0,36.0,1.09,14.0,11.0,8.0,13.0,42.4,70.9,2011,REG,5.0,7.0,Rimando,Nick,RSL,RSL,Rimando,Nick,GK,RSL,150000.0,158250.0,2011-09-01
194,Jon Busch,SJ,GK,33.0,33.0,2970.0,160.0,113.0,44.0,1.33,7.0,12.0,14.0,7.0,21.2,70.6,2011,REG,4.0,4.0,Busch,Jon,SJ,SJ,Busch,Jon,GK,SJ,145000.0,151800.0,2011-09-01
195,William Hesmer,CLB,GK,32.0,32.0,2880.0,135.0,92.0,44.0,1.38,11.0,13.0,8.0,8.0,34.4,68.1,2011,REG,3.0,4.0,Hesmer,William,CLB,CLB,Hesmer,William,GK,CLB,152500.0,163500.0,2011-09-01
196,Dan Kennedy,CHV,GK,32.0,32.0,2880.0,142.0,100.0,39.0,1.22,8.0,12.0,12.0,9.0,25.0,70.4,2011,REG,2.0,4.0,Kennedy,Dan,CHV,CHV,Kennedy,Dan,GK,CHV,62496.0,62496.0,2011-09-01
197,Jimmy Nielsen,KC,GK,31.0,31.0,2767.0,114.0,79.0,35.0,1.13,12.0,8.0,11.0,7.0,38.7,69.3,2011,REG,1.0,2.0,Nielsen,Jimmy,KC,KC,Nielsen,Jimmy,GK,KC,200000.0,241666.67,2011-09-01
198,Troy Perkins,POR,GK,29.0,29.0,2610.0,132.0,91.0,38.0,1.31,9.0,12.0,8.0,9.0,31.0,68.9,2011,REG,5.0,5.0,Perkins,Troy,POR,POR,Perkins,Troy,GK,POR,250000.0,280000.0,2011-09-01
199,Bill Hamid,DC,GK,28.0,28.0,2392.0,114.0,77.0,37.0,1.32,7.0,9.0,10.0,7.0,25.0,67.5,2011,REG,4.0,4.0,Hamid,Bill,DC,DC,Hamid,Bill,GK,DC,55000.0,69750.0,2011-09-01
200,Sean Johnson,NYC,GK,28.0,28.0,2520.0,115.0,76.0,37.0,1.32,9.0,7.0,12.0,7.0,32.1,66.1,2011,REG,2.0,4.0,Johnson,Sean,NYCFC,CHI,Johnson,Sean,GK,CHI,75000.0,108000.0,2011-09-01
202,Stefan Frei,SEA,GK,27.0,27.0,2406.0,155.0,106.0,49.0,1.81,3.0,12.0,11.0,6.0,11.1,68.4,2011,REG,4.0,4.0,Frei,Stefan,SEA,TOR,Frei,Stefan,GK,TFC,100000.0,155000.0,2011-09-01
203,Matt Reis,NE,GK,27.0,27.0,2430.0,159.0,111.0,43.0,1.59,5.0,12.0,10.0,5.0,18.5,69.8,2011,REG,6.0,7.0,Reis,Matt,NE,NE,Reis,Matt,GK,NE,187312.0,191112.0,2011-09-01
204,Joe Cannon,VAN,GK,20.0,20.0,1800.0,99.0,66.0,32.0,1.6,4.0,12.0,4.0,3.0,20.0,66.7,2011,REG,3.0,3.0,Cannon,Joe,VAN,VAN,Cannon,Joe,GK,VAN,199500.0,209756.25,2011-09-01
205,Josh Saunders,LA,GK,19.0,18.0,1639.0,73.0,55.0,17.0,0.94,12.0,2.0,4.0,8.0,63.2,75.3,2011,REG,2.0,2.0,Saunders,Josh,LA,LA,Saunders,Josh,GK,LA,63222.0,66355.75,2011-09-01
206,Donovan Ricketts,LA,GK,15.0,15.0,1284.0,54.0,41.0,11.0,0.73,7.0,3.0,4.0,7.0,46.7,75.9,2011,REG,1.0,1.0,Ricketts,Donovan,LA,LA,Ricketts,Donovan,GK,LA,170000.0,195000.0,2011-09-01
207,Jay Nolly,VAN,GK,14.0,14.0,1260.0,63.0,39.0,23.0,1.64,2.0,6.0,6.0,2.0,14.3,61.9,2011,REG,3.0,4.0,Nolly,Jay,VAN,VAN,Nolly,Jay,GK,VAN,65000.0,65000.0,2011-09-01
208,Bouna Coundoul,NY,GK,12.0,11.0,1035.0,51.0,37.0,13.0,1.18,3.0,2.0,6.0,3.0,25.0,72.5,2011,REG,1.0,1.0,Coundoul,Bouna,NY,NY,Coundoul,Bouna,GK,NY,178250.0,179500.0,2011-09-01
209,Frank Rost,NY,GK,11.0,11.0,945.0,40.0,26.0,14.0,1.27,4.0,4.0,3.0,5.0,36.4,65.0,2011,REG,0.0,0.0,Rost,Frank,NY,NY,Rost,Frank,GK,NY,545460.0,545460.0,2011-09-01
210,Greg Sutton,NY,GK,10.0,10.0,900.0,44.0,30.0,15.0,1.5,3.0,2.0,5.0,2.0,30.0,68.2,2011,REG,2.0,5.0,Sutton,Greg,NY,NY,Sutton,Greg,GK,NY,75600.0,80100.0,2011-09-01
211,Milos Kocic,TOR,GK,8.0,7.0,654.0,47.0,35.0,10.0,1.43,3.0,1.0,4.0,1.0,37.5,74.5,2011,REG,0.0,0.0,Kocic,Milos,TOR,TOR,Kocic,Milos,GK,TFC,42000.0,42000.0,2011-09-01
212,Zac MacMath,COL,GK,8.0,7.0,675.0,25.0,16.0,8.0,1.14,3.0,0.0,4.0,3.0,37.5,64.0,2011,REG,1.0,1.0,MacMath,Zac,COL,PHI,MacMath,Zac,GK,PHI,80000.0,125000.0,2011-09-01
214,Jon Conway,CHI,GK,6.0,6.0,540.0,24.0,15.0,8.0,1.33,0.0,2.0,4.0,1.0,0.0,62.5,2011,REG,0.0,0.0,Conway,Jon,CHI,CHI,Conway,Jon,GK,CHI,70000.0,79833.33,2011-09-01
215,Eric Kronberg,KC,GK,4.0,3.0,292.0,15.0,10.0,5.0,1.67,1.0,1.0,1.0,1.0,25.0,66.7,2011,REG,1.0,1.0,Kronberg,Eric,KC,KC,Kronberg,Eric,GK,KC,62500.0,62500.0,2011-09-01
216,Jake Gleeson,POR,GK,4.0,3.0,315.0,17.0,12.0,6.0,2.0,2.0,0.0,1.0,0.0,50.0,70.6,2011,REG,0.0,0.0,Gleeson,Jake,POR,POR,Gleeson,Jake,GK,POR,42000.0,44000.0,2011-09-01
217,Joe Willis,HOU,GK,3.0,3.0,270.0,16.0,12.0,4.0,1.33,1.0,2.0,0.0,1.0,33.3,75.0,2011,REG,0.0,0.0,Willis,Joe,HOU,DC,Willis,Joe,GK,DC,42000.0,42000.0,2011-09-01
219,Steve Cronin,DC,GK,2.0,0.0,126.0,10.0,6.0,4.0,4.0,0.0,0.0,2.0,0.0,0.0,60.0,2011,REG,0.0,0.0,Cronin,Steve,DC,DC,Cronin,Steve,GK,DC,72000.0,72000.0,2011-09-01
220,Adin Brown,POR,GK,2.0,2.0,135.0,9.0,5.0,4.0,2.0,0.0,2.0,0.0,0.0,0.0,55.6,2011,REG,0.0,0.0,Brown,Adin,POR,POR,Brown,Adin,GK,POR,72000.0,76000.0,2011-09-01
221,Zach Thornton,CHV,GK,2.0,2.0,180.0,7.0,3.0,4.0,2.0,0.0,2.0,0.0,0.0,0.0,42.9,2011,REG,0.0,0.0,Thornton,Zach,CHV,CHV,Thornton,Zach,GK,CHV,155000.0,162500.0,2011-09-01
222,Andy Gruenebaum,CLB,GK,2.0,2.0,180.0,5.0,5.0,0.0,0.0,2.0,0.0,0.0,2.0,100.0,100.0,2011,REG,0.0,0.0,Gruenebaum,Andy,CLB,CLB,Gruenebaum,Andy,GK,CLB,65000.0,66666.67,2011-09-01
223,Kyle Reynish,RSL,GK,1.0,1.0,90.0,2.0,2.0,0.0,0.0,1.0,0.0,0.0,1.0,100.0,100.0,2011,REG,0.0,0.0,Reynish,Kyle,RSL,RSL,Reynish,Kyle,GK,RSL,50000.0,58304.0,2011-09-01
224,Chris Seitz,HOU,GK,1.0,1.0,90.0,9.0,5.0,4.0,4.0,0.0,1.0,0.0,0.0,0.0,55.6,2011,REG,1.0,1.0,Seitz,Chris,HOU,DAL,Seitz,Chris,GK,DAL,100000.0,100000.0,2011-09-01
225,Chris Konopka,NY,GK,1.0,1.0,90.0,4.0,2.0,2.0,2.0,0.0,0.0,1.0,0.0,0.0,50.0,2011,REG,0.0,0.0,Konopka,Chris,NY,UNK,Konopka,Chris,GK,POOL,42000.0,42000.0,2011-09-01
226,Brian Perk,LA,GK,1.0,1.0,90.0,2.0,2.0,0.0,0.0,0.0,0.0,1.0,1.0,0.0,100.0,2011,REG,0.0,1.0,Perk,Brian,LA,LA,Perk,Brian,GK,LA,71250.0,105350.0,2011-09-01
227,David Bingham,LA,GK,1.0,1.0,90.0,5.0,4.0,1.0,1.0,1.0,0.0,0.0,0.0,100.0,80.0,2011,REG,0.0,0.0,Bingham,David,LA,SJ,Bingham,David,GK,SJ,60000.0,99500.0,2011-09-01
228,Alex Horwath,NY,GK,1.0,1.0,90.0,4.0,4.0,0.0,0.0,0.0,0.0,1.0,1.0,0.0,100.0,2011,REG,0.0,0.0,Horwath,Alex,NY,NY,Horwath,Alex,GK,NY,32604.0,32604.0,2011-09-01
229,Alec Dufty,CHI,GK,0.0,0.0,0.0,0.0,0.0,0.0,0.0,0.0,0.0,0.0,0.0,0.0,0.0,2011,REG,0.0,0.0,Dufty,Alec,CHI,CHI,Dufty,Alec,GK,CHI,32600.0,32600.04,2011-09-01
231,Alex Riggs,CLB,GK,0.0,0.0,0.0,0.0,0.0,0.0,0.0,0.0,0.0,0.0,0.0,0.0,0.0,2011,REG,0.0,0.0,Riggs,Alex,CLB,CLB,Riggs,Alex,GK,CLB,32600.0,32600.04,2011-09-01
232,Tyler Deric,HOU,GK,0.0,0.0,0.0,0.0,0.0,0.0,0.0,0.0,0.0,0.0,0.0,0.0,0.0,2011,REG,0.0,0.0,Deric,Tyler,HOU,HOU,Deric,Tyler,GK,HOU,42000.0,42000.0,2011-09-01
233,Tim Murray,NE,GK,0.0,0.0,0.0,0.0,0.0,0.0,0.0,0.0,0.0,0.0,0.0,0.0,0.0,2011,REG,0.0,0.0,Murray,Tim,NE,NE,Murray,Tim,GK,NE,42000.0,42000.0,2011-09-01
234,Tim Melia,SKC,GK,0.0,0.0,0.0,0.0,0.0,0.0,0.0,0.0,0.0,0.0,0.0,0.0,0.0,2011,REG,0.0,0.0,Melia,Tim,KC,RSL,Melia,Tim,GK,RSL,42000.0,42000.0,2011-09-01
235,Evan Newton,HOU,GK,0.0,0.0,0.0,0.0,0.0,0.0,0.0,0.0,0.0,0.0,0.0,0.0,0.0,2011,REG,0.0,0.0,Newton,Evan,HOU,HOU,Newton,Evan,GK,HOU,32600.0,32600.0,2011-09-01
236,Richard Sanchez,CHI,GK,0.0,0.0,0.0,0.0,0.0,0.0,0.0,0.0,0.0,0.0,0.0,0.0,0.0,2011,REG,0.0,0.0,Sanchez,Richard,CHI,DAL,Sanchez,Richard,GK,DAL,32600.0,33600.0,2011-09-01
237,Brian Sylvestre,VAN,GK,0.0,0.0,0.0,0.0,0.0,0.0,0.0,0.0,0.0,0.0,0.0,0.0,0.0,2011,REG,0.0,0.0,Sylvestre,Brian,VAN,VAN,Sylvestre,Brian,GK,VAN,32600.0,32600.04,2011-09-01
242,Sergio Arias,CHV,GK,0.0,0.0,0.0,0.0,0.0,0.0,0.0,0.0,0.0,0.0,0.0,0.0,0.0,2011,REG,0.0,0.0,Arias,Sergio,CHV,CHV,Arias,Sergio,GK,CHV,45000.0,45000.0,2011-09-01
243,Ian Joyce,COL,GK,0.0,0.0,0.0,0.0,0.0,0.0,0.0,0.0,0.0,0.0,0.0,0.0,0.0,2011,REG,0.0,0.0,Joyce,Ian,COL,COL,Joyce,Ian,GK,COL,70000.0,70000.0,2011-09-01
244,Josh Lambo,DAL,GK,0.0,0.0,0.0,0.0,0.0,0.0,0.0,0.0,0.0,0.0,0.0,0.0,0.0,2011,REG,0.0,0.0,Lambo,Josh,DAL,DAL,Lambo,Josh,GK,DAL,100000.0,133000.0,2011-09-01
245,Andrew Weber,SJ,GK,0.0,0.0,0.0,0.0,0.0,0.0,0.0,0.0,0.0,0.0,0.0,0.0,0.0,2011,REG,0.0,0.0,Weber,Andrew,SJ,SJ,Weber,Andrew,GK,SJ,65004.0,65004.0,2011-09-01
246,Terry Boss,SEA,GK,0.0,0.0,0.0,0.0,0.0,0.0,0.0,0.0,0.0,0.0,0.0,0.0,0.0,2011,REG,0.0,0.0,Boss,Terry,SEA,SEA,Boss,Terry,GK,SEA,42000.0,44500.0,2011-09-01
247,Steward Ceus,COL,GK,0.0,0.0,0.0,0.0,0.0,0.0,0.0,0.0,0.0,0.0,0.0,0.0,0.0,2011,REG,0.0,0.0,Ceus,Steward,COL,COL,Ceus,Steward,GK,COL,42000.0,42000.0,2011-09-01
248,Jimmy Nielsen,KC,GK,34.0,34.0,3060.0,102.0,77.0,27.0,0.79,18.0,7.0,9.0,15.0,52.9,75.5,2012,REG,3.0,4.0,Nielsen,Jimmy,KC,KC,Nielsen,Jimmy,GK,KC,200000.0,220000.0,2012-05-15
249,Donovan Ricketts,MTL,GK,33.0,33.0,2913.0,143.0,87.0,52.0,1.58,12.0,14.0,5.0,5.0,36.4,60.8,2012,REG,8.0,8.0,Ricketts,Donovan,MTL,MTL,Ricketts,Donovan,GK,MTL,250000.0,275000.0,2012-05-15
250,Donovan Ricketts,MTL,GK,33.0,33.0,2913.0,143.0,87.0,52.0,1.58,12.0,14.0,5.0,5.0,36.4,60.8,2012,REG,8.0,8.0,Ricketts,Donovan,MTL,POR,Ricketts,Donovan,GK,POR,250000.0,275000.0,2012-10-01
251,Andy Gruenebaum,CLB,GK,33.0,33.0,2920.0,166.0,124.0,41.0,1.24,13.0,12.0,7.0,8.0,39.4,74.7,2012,REG,3.0,4.0,Gruenebaum,Andy,CLB,CLB,Gruenebaum,Andy,GK,CLB,77000.0,78666.67,2012-05-15
252,Tally Hall,DC,GK,33.0,33.0,2946.0,129.0,88.0,39.0,1.18,14.0,8.0,11.0,12.0,42.4,68.2,2012,REG,5.0,5.0,Hall,Tally,DC,HOU,Hall,Tally,GK,HOU,120000.0,129375.0,2012-05-15
253,Jon Busch,SJ,GK,32.0,32.0,2835.0,123.0,77.0,40.0,1.25,17.0,5.0,9.0,7.0,53.1,62.6,2012,REG,4.0,5.0,Busch,Jon,SJ,SJ,Busch,Jon,GK,SJ,155004.0,166337.33,2012-05-15
254,Matt Pickens,COL,GK,32.0,32.0,2859.0,155.0,107.0,49.0,1.53,9.0,19.0,4.0,7.0,28.1,69.0,2012,REG,1.0,2.0,Pickens,Matt,COL,COL,Pickens,Matt,GK,COL,178538.0,181038.0,2012-05-15
255,Dan Kennedy,CHV,GK,32.0,32.0,2880.0,167.0,109.0,54.0,1.69,7.0,17.0,8.0,7.0,21.9,65.3,2012,REG,2.0,2.0,Kennedy,Dan,CHV,CHV,Kennedy,Dan,GK,CHV,175000.0,175000.0,2012-05-15
256,Zac MacMath,COL,GK,32.0,32.0,2880.0,139.0,93.0,43.0,1.34,10.0,17.0,5.0,8.0,31.3,66.9,2012,REG,3.0,4.0,MacMath,Zac,COL,PHI,MacMath,Zac,GK,PHI,90000.0,135000.0,2012-05-15
257,Sean Johnson,NYC,GK,31.0,31.0,2766.0,143.0,108.0,38.0,1.23,16.0,10.0,5.0,5.0,51.6,75.5,2012,REG,2.0,3.0,Johnson,Sean,NYCFC,CHI,Johnson,Sean,GK,CHI,90000.0,123000.0,2012-05-15
258,Troy Perkins,MTL,GK,31.0,31.0,2767.0,148.0,101.0,43.0,1.39,8.0,14.0,8.0,7.0,25.8,68.2,2012,REG,4.0,4.0,Perkins,Troy,MTL,MTL,Perkins,Troy,GK,MTL,190000.0,201833.33,2012-10-01
259,Troy Perkins,MTL,GK,31.0,31.0,2767.0,148.0,101.0,43.0,1.39,8.0,14.0,8.0,7.0,25.8,68.2,2012,REG,4.0,4.0,Perkins,Troy,MTL,POR,Perkins,Troy,GK,POR,190000.0,201833.33,2012-05-15
260,Nick Rimando,RSL,GK,31.0,31.0,2790.0,116.0,83.0,33.0,1.06,16.0,11.0,4.0,12.0,51.6,71.6,2012,REG,2.0,4.0,Rimando,Nick,RSL,RSL,Rimando,Nick,GK,RSL,170000.0,178250.0,2012-05-15
261,Kevin Hartman,DAL,GK,30.0,30.0,2700.0,148.0,98.0,42.0,1.4,9.0,11.0,10.0,6.0,30.0,66.2,2012,REG,2.0,5.0,Hartman,Kevin,DAL,DAL,Hartman,Kevin,GK,DAL,165000.0,185000.0,2012-05-15
262,Matt Reis,NE,GK,27.0,27.0,2430.0,133.0,92.0,39.0,1.44,6.0,14.0,7.0,6.0,22.2,69.2,2012,REG,3.0,3.0,Reis,Matt,NE,NE,Reis,Matt,GK,NE,157000.0,159666.67,2012-05-15
263,Josh Saunders,LA,GK,27.0,27.0,2430.0,118.0,80.0,36.0,1.33,16.0,7.0,4.0,9.0,59.3,67.8,2012,REG,0.0,1.0,Saunders,Josh,LA,LA,Saunders,Josh,GK,LA,74545.0,77678.75,2012-05-15
264,Milos Kocic,TOR,GK,27.0,27.0,2430.0,129.0,82.0,47.0,1.74,5.0,16.0,6.0,3.0,18.5,63.6,2012,REG,0.0,1.0,Kocic,Milos,TOR,TOR,Kocic,Milos,GK,TFC,44100.0,44100.0,2012-05-15
265,Joe Cannon,VAN,GK,26.0,26.0,2277.0,109.0,73.0,34.0,1.31,8.0,10.0,7.0,8.0,30.8,67.0,2012,REG,2.0,2.0,Cannon,Joe,VAN,VAN,Cannon,Joe,GK,VAN,166250.0,175666.67,2012-05-15
266,Bill Hamid,DC,GK,24.0,24.0,2087.0,113.0,88.0,24.0,1.0,13.0,6.0,4.0,8.0,54.2,77.9,2012,REG,1.0,1.0,Hamid,Bill,DC,DC,Hamid,Bill,GK,DC,70000.0,84750.0,2012-05-15
267,Michael Gspurning,SEA,GK,21.0,21.0,1845.0,77.0,59.0,15.0,0.71,12.0,4.0,5.0,8.0,57.1,76.6,2012,REG,2.0,2.0,Gspurning,Michael,SEA,SEA,Gspurning,Michael,GK,SEA,200000.0,275000.0,2012-05-15
268,Ryan Meara,NY,GK,18.0,18.0,1620.0,90.0,59.0,27.0,1.5,9.0,5.0,4.0,3.0,50.0,65.6,2012,REG,1.0,1.0,Meara,Ryan,NY,NY,Meara,Ryan,GK,NY,33750.0,33750.0,2012-05-15
269,Bill Gaudette,LA,GK,15.0,15.0,1350.0,62.0,38.0,20.0,1.33,5.0,5.0,5.0,3.0,33.3,61.3,2012,REG,1.0,1.0,Gaudette,Bill,LA,LA,Gaudette,Bill,GK,LA,60000.0,63255.0,2012-05-15
270,Bill Gaudette,LA,GK,15.0,15.0,1350.0,62.0,38.0,20.0,1.33,5.0,5.0,5.0,3.0,33.3,61.3,2012,REG,1.0,1.0,Gaudette,Bill,LA,NY,Gaudette,Bill,GK,NY,60000.0,63255.0,2012-08-01
271,Bryan Meredith,SEA,GK,12.0,10.0,990.0,36.0,20.0,14.0,1.4,3.0,3.0,5.0,3.0,25.0,55.6,2012,REG,0.0,0.0,Meredith,Bryan,SEA,SEA,Meredith,Bryan,GK,SEA,33750.0,33750.0,2012-05-15
272,Joe Willis,HOU,GK,11.0,10.0,972.0,50.0,31.0,19.0,1.9,4.0,4.0,3.0,2.0,36.4,62.0,2012,REG,2.0,2.0,Willis,Joe,HOU,DC,Willis,Joe,GK,DC,44100.0,44100.0,2012-05-15
273,Brad Knighton,NE,GK,10.0,8.0,782.0,36.0,27.0,7.0,0.88,3.0,3.0,3.0,3.0,30.0,75.0,2012,REG,0.0,1.0,Knighton,Brad,NE,VAN,Knighton,Brad,GK,VAN,55000.0,55000.0,2012-05-15
276,Joe Bendik,OCS,GK,5.0,3.0,326.0,21.0,11.0,8.0,2.67,0.0,2.0,3.0,0.0,0.0,52.4,2012,REG,2.0,2.0,Bendik,Joe,ORL,POR,Bendik,Joe,GK,POR,44000.0,44000.0,2012-05-15
277,Brian Perk,LA,GK,4.0,4.0,360.0,13.0,7.0,7.0,1.75,0.0,3.0,1.0,0.0,0.0,53.8,2012,REG,2.0,2.0,Perk,Brian,LA,LA,Perk,Brian,GK,LA,76000.0,110100.0,2012-05-15
278,Chris Seitz,HOU,GK,4.0,4.0,360.0,15.0,10.0,5.0,1.25,0.0,2.0,2.0,0.0,0.0,66.7,2012,REG,0.0,1.0,Seitz,Chris,HOU,DAL,Seitz,Chris,GK,DAL,75000.0,75000.0,2012-05-15
279,Luis Robles,NY,GK,4.0,4.0,360.0,12.0,9.0,3.0,0.75,2.0,1.0,1.0,2.0,50.0,75.0,2012,REG,0.0,0.0,Robles,Luis,NY,NY,Robles,Luis,GK,NY,44000.0,46500.04,2012-10-01
280,Matt Lampson,MIN,GK,3.0,1.0,140.0,10.0,7.0,3.0,3.0,2.0,0.0,0.0,0.0,66.7,70.0,2012,REG,1.0,1.0,Lampson,Matt,MIN,CLB,Lampson,Matt,GK,CLB,44000.0,44000.0,2012-05-15
281,Steward Ceus,COL,GK,3.0,2.0,201.0,5.0,4.0,1.0,0.5,2.0,0.0,0.0,2.0,66.7,80.0,2012,REG,0.0,0.0,Ceus,Steward,COL,COL,Ceus,Steward,GK,COL,44100.0,44100.0,2012-05-15
282,Andrew Weber,SEA,GK,3.0,3.0,225.0,9.0,5.0,4.0,1.33,0.0,1.0,1.0,0.0,0.0,55.6,2012,REG,0.0,0.0,Weber,Andrew,SEA,SEA,Weber,Andrew,GK,SEA,51996.0,58445.93,2012-05-15
283,David Bingham,LA,GK,3.0,2.0,225.0,12.0,8.0,3.0,1.5,2.0,1.0,0.0,0.0,66.7,66.7,2012,REG,0.0,0.0,Bingham,David,LA,SJ,Bingham,David,GK,SJ,71000.0,115375.0,2012-05-15
284,Paolo Tornaghi,CHI,GK,3.0,3.0,270.0,17.0,14.0,3.0,1.0,1.0,1.0,1.0,1.0,33.3,82.4,2012,REG,0.0,0.0,Tornaghi,Paolo,CHI,CHI,Tornaghi,Paolo,GK,CHI,33750.0,33750.0,2012-05-15
285,Kyle Reynish,RSL,GK,3.0,3.0,270.0,8.0,6.0,2.0,0.67,1.0,0.0,2.0,2.0,33.3,75.0,2012,REG,0.0,0.0,Reynish,Kyle,RSL,RSL,Reynish,Kyle,GK,RSL,66000.0,74304.0,2012-05-15
286,Tim Melia,SKC,GK,2.0,2.0,180.0,13.0,9.0,4.0,2.0,0.0,1.0,1.0,0.0,0.0,69.2,2012,REG,0.0,0.0,Melia,Tim,KC,CHV,Melia,Tim,GK,CHV,44000.0,44000.0,2012-05-15
287,Greg Sutton,MTL,GK,1.0,0.0,24.0,1.0,0.0,1.0,1.0,0.0,1.0,0.0,0.0,0.0,0.0,2012,REG,0.0,0.0,Sutton,Greg,MTL,MTL,Sutton,Greg,GK,MTL,65000.0,65000.0,2012-05-15
288,Chris Konopka,PHI,GK,1.0,1.0,90.0,7.0,6.0,1.0,1.0,0.0,1.0,0.0,0.0,0.0,85.7,2012,REG,0.0,0.0,Konopka,Chris,PHI,PHI,Konopka,Chris,GK,PHI,44000.0,44000.0,2012-05-15
289,Tyler Deric,HOU,GK,1.0,1.0,90.0,9.0,7.0,2.0,2.0,0.0,1.0,0.0,0.0,0.0,77.8,2012,REG,0.0,0.0,Deric,Tyler,HOU,HOU,Deric,Tyler,GK,HOU,44100.0,44100.0,2012-05-15
290,Chase Harrison,PHI,GK,1.0,1.0,90.0,3.0,2.0,1.0,1.0,0.0,0.0,1.0,0.0,0.0,66.7,2012,REG,0.0,0.0,Harrison,Chase,PHI,PHI,Harrison,Chase,GK,PHI,44000.0,44000.04,2012-05-15
291,Evan Bush,MTL,GK,1.0,1.0,90.0,7.0,4.0,3.0,3.0,0.0,1.0,0.0,0.0,0.0,57.1,2012,REG,0.0,0.0,Bush,Evan,MTL,MTL,Bush,Evan,GK,MTL,44000.0,44000.0,2012-05-15
292,Brian Rowe,VAN,GK,0.0,0.0,0.0,0.0,0.0,0.0,0.0,0.0,0.0,0.0,0.0,0.0,0.0,2012,REG,0.0,0.0,Rowe,Brian,VAN,LA,Rowe,Brian,GK,LA,33750.0,33750.0,2012-08-01
293,Brian Rowe,VAN,GK,0.0,0.0,0.0,0.0,0.0,0.0,0.0,0.0,0.0,0.0,0.0,0.0,0.0,2012,REG,0.0,0.0,Rowe,Brian,VAN,UNK,Rowe,Brian,GK,POOL,33750.0,33750.0,2012-05-15
294,Jeremy Vuolo,NY,GK,0.0,0.0,0.0,0.0,0.0,0.0,0.0,0.0,0.0,0.0,0.0,0.0,0.0,2012,REG,0.0,0.0,Vuolo,Jeremy,NY,NY,Vuolo,Jeremy,GK,NY,44000.0,44000.0,2012-05-15
295,Erich Marscheider,HOU,GK,0.0,0.0,0.0,0.0,0.0,0.0,0.0,0.0,0.0,0.0,0.0,0.0,0.0,2012,REG,0.0,0.0,Marscheider,Erich,HOU,HOU,Marscheider,Erich,GK,HOU,33750.0,33750.0,2012-05-15
296,Quillan Roberts,TOR,GK,0.0,0.0,0.0,0.0,0.0,0.0,0.0,0.0,0.0,0.0,0.0,0.0,0.0,2012,REG,0.0,0.0,Roberts,Quillan,TOR,TOR,Roberts,Quillan,GK,TOR,33750.0,33750.0,2012-05-15
298,Patrick McLain,CHV,GK,0.0,0.0,0.0,0.0,0.0,0.0,0.0,0.0,0.0,0.0,0.0,0.0,0.0,2012,REG,0.0,0.0,McLain,Patrick,CHV,CHV,McLain,Patrick,GK,CHV,33750.0,33750.0,2012-05-15
299,Scott Angevine,KC,GK,0.0,0.0,0.0,0.0,0.0,0.0,0.0,0.0,0.0,0.0,0.0,0.0,0.0,2012,REG,0.0,0.0,Angevine,Scott,KC,UNK,Angevine,Scott,GK,POOL,33756.0,33756.0,2012-10-01
300,Tim Murray,NE,GK,0.0,0.0,0.0,0.0,0.0,0.0,0.0,0.0,0.0,0.0,0.0,0.0,0.0,2012,REG,0.0,0.0,Murray,Tim,NE,NE,Murray,Tim,GK,NE,44100.0,44100.0,2012-05-15
302,Evan Newton,SJ,GK,0.0,0.0,0.0,0.0,0.0,0.0,0.0,0.0,0.0,0.0,0.0,0.0,0.0,2012,REG,0.0,0.0,Newton,Evan,SJ,SJ,Newton,Evan,GK,SJ,33756.0,33756.0,2012-05-15
303,Josh Ford,SEA,GK,0.0,0.0,0.0,0.0,0.0,0.0,0.0,0.0,0.0,0.0,0.0,0.0,0.0,2012,REG,0.0,0.0,Ford,Josh,SEA,SEA,Ford,Josh,GK,SEA,44000.0,44000.0,2012-05-15
304,Brian Sylvestre,VAN,GK,0.0,0.0,0.0,0.0,0.0,0.0,0.0,0.0,0.0,0.0,0.0,0.0,0.0,2012,REG,0.0,0.0,Sylvestre,Brian,VAN,VAN,Sylvestre,Brian,GK,VAN,33750.0,33750.0,2012-05-15
305,Jake Gleeson,POR,GK,0.0,0.0,0.0,0.0,0.0,0.0,0.0,0.0,0.0,0.0,0.0,0.0,0.0,2012,REG,0.0,0.0,Gleeson,Jake,POR,POR,Gleeson,Jake,GK,POR,62500.0,66125.78,2012-05-15
306,Richard Sanchez,CHI,GK,0.0,0.0,0.0,0.0,0.0,0.0,0.0,0.0,0.0,0.0,0.0,0.0,0.0,2012,REG,0.0,0.0,Sanchez,Richard,CHI,DAL,Sanchez,Richard,GK,DAL,44000.0,45000.0,2012-05-15
307,Ian Joyce,COL,GK,0.0,0.0,0.0,0.0,0.0,0.0,0.0,0.0,0.0,0.0,0.0,0.0,0.0,2012,REG,0.0,0.0,Joyce,Ian,COL,COL,Joyce,Ian,GK,COL,44004.0,44004.0,2012-05-15
308,Stefan Frei,SEA,GK,0.0,0.0,0.0,0.0,0.0,0.0,0.0,0.0,0.0,0.0,0.0,0.0,0.0,2012,REG,0.0,0.0,Frei,Stefan,SEA,TOR,Frei,Stefan,GK,TFC,120000.0,175000.0,2012-05-15
309,Andrew Dykstra,SKC,GK,0.0,0.0,0.0,0.0,0.0,0.0,0.0,0.0,0.0,0.0,0.0,0.0,0.0,2012,REG,0.0,0.0,Dykstra,Andrew,KC,DC,Dykstra,Andrew,GK,DC,44004.0,44004.0,2012-05-15
310,Marcus Hahnemann,SEA,GK,0.0,0.0,0.0,0.0,0.0,0.0,0.0,0.0,0.0,0.0,0.0,0.0,0.0,2012,REG,0.0,0.0,Hahnemann,Marcus,SEA,SEA,Hahnemann,Marcus,GK,SEA,60000.0,60000.0,2012-10-01
311,William Hesmer,CLB,GK,0.0,0.0,0.0,0.0,0.0,0.0,0.0,0.0,0.0,0.0,0.0,0.0,0.0,2012,REG,0.0,0.0,Hesmer,William,CLB,CLB,Hesmer,William,GK,CLB,170000.0,181000.0,2012-05-15
312,Jay Nolly,CHI,GK,0.0,0.0,0.0,0.0,0.0,0.0,0.0,0.0,0.0,0.0,0.0,0.0,0.0,2012,REG,0.0,0.0,Nolly,Jay,CHI,CHI,Nolly,Jay,GK,CHI,78250.0,78250.0,2012-05-15
313,Eric Kronberg,KC,GK,0.0,0.0,0.0,0.0,0.0,0.0,0.0,0.0,0.0,0.0,0.0,0.0,0.0,2012,REG,0.0,0.0,Kronberg,Eric,KC,KC,Kronberg,Eric,GK,KC,69850.0,69850.0,2012-05-15
314,Jimmy Nielsen,KC,GK,34.0,34.0,3060.0,100.0,68.0,30.0,0.88,17.0,10.0,7.0,13.0,50.0,68.0,2013,REG,1.0,1.0,Nielsen,Jimmy,KC,KC,Nielsen,Jimmy,GK,KC,200000.0,220000.0,2013-05-01
315,Luis Robles,NY,GK,34.0,34.0,3060.0,147.0,103.0,41.0,1.21,17.0,9.0,8.0,11.0,50.0,70.1,2013,REG,7.0,10.0,Robles,Luis,NY,NY,Robles,Luis,GK,NY,75000.0,77500.0,2013-05-01
316,Tally Hall,DC,GK,34.0,34.0,3060.0,141.0,95.0,41.0,1.21,14.0,11.0,9.0,9.0,41.2,67.4,2013,REG,2.0,4.0,Hall,Tally,DC,HOU,Hall,Tally,GK,HOU,185000.0,198500.0,2013-05-01
317,Zac MacMath,COL,GK,34.0,34.0,3060.0,147.0,101.0,44.0,1.29,12.0,12.0,10.0,12.0,35.3,68.7,2013,REG,1.0,1.0,MacMath,Zac,COL,PHI,MacMath,Zac,GK,PHI,110000.0,155000.0,2013-05-01
318,Joe Bendik,OCS,GK,33.0,33.0,2970.0,139.0,90.0,46.0,1.39,6.0,16.0,11.0,4.0,18.2,64.7,2013,REG,2.0,2.0,Bendik,Joe,ORL,TOR,Bendik,Joe,GK,TOR,46500.0,46500.0,2013-05-01
319,Troy Perkins,MTL,GK,33.0,33.0,2970.0,158.0,109.0,48.0,1.45,14.0,12.0,7.0,8.0,42.4,69.0,2013,REG,4.0,6.0,Perkins,Troy,MTL,MTL,Perkins,Troy,GK,MTL,225000.0,236833.33,2013-05-01
320,Jon Busch,SJ,GK,33.0,33.0,2970.0,142.0,101.0,41.0,1.24,13.0,11.0,9.0,9.0,39.4,71.1,2013,REG,3.0,3.0,Busch,Jon,SJ,SJ,Busch,Jon,GK,SJ,165000.0,176333.33,2013-05-01
321,Clint Irwin,TOR,GK,32.0,31.0,2873.0,132.0,91.0,35.0,1.13,14.0,9.0,9.0,10.0,43.8,68.9,2013,REG,6.0,8.0,Irwin,Clint,TOR,COL,Irwin,Clint,GK,COL,35125.0,35125.0,2013-05-01
322,Donovan Ricketts,POR,GK,32.0,32.0,2880.0,126.0,92.0,31.0,0.97,13.0,5.0,14.0,14.0,40.6,73.0,2013,REG,4.0,5.0,Ricketts,Donovan,POR,POR,Ricketts,Donovan,GK,POR,275000.0,300000.0,2013-05-01
323,Dan Kennedy,CHV,GK,31.0,31.0,2754.0,166.0,104.0,54.0,1.74,6.0,17.0,8.0,3.0,19.4,62.7,2013,REG,3.0,4.0,Kennedy,Dan,CHV,CHV,Kennedy,Dan,GK,CHV,192500.0,192500.0,2013-05-01
324,Michael Gspurning,SEA,GK,28.0,28.0,2475.0,114.0,76.0,35.0,1.25,12.0,9.0,6.0,10.0,42.9,66.7,2013,REG,2.0,2.0,Gspurning,Michael,SEA,SEA,Gspurning,Michael,GK,SEA,210000.0,285000.0,2013-05-01
325,Sean Johnson,NYC,GK,28.0,28.0,2520.0,132.0,93.0,39.0,1.39,12.0,10.0,6.0,6.0,42.9,70.5,2013,REG,3.0,4.0,Johnson,Sean,NYCFC,CHI,Johnson,Sean,GK,CHI,120000.0,153000.0,2013-05-01
326,Nick Rimando,RSL,GK,27.0,27.0,2430.0,112.0,82.0,28.0,1.04,14.0,7.0,6.0,9.0,51.9,73.2,2013,REG,1.0,3.0,Rimando,Nick,RSL,RSL,Rimando,Nick,GK,RSL,200000.0,210833.33,2013-05-01
327,Raul Fernandez,DAL,GK,26.0,26.0,2340.0,129.0,88.0,41.0,1.58,7.0,10.0,9.0,7.0,26.9,68.2,2013,REG,2.0,3.0,Fernandez,Raul,DAL,DAL,Fernandez,Raul,GK,DAL,150000.0,237500.0,2013-05-01
328,Bill Hamid,DC,GK,25.0,25.0,2250.0,119.0,80.0,39.0,1.56,2.0,17.0,6.0,4.0,8.0,67.2,2013,REG,4.0,6.0,Hamid,Bill,DC,DC,Hamid,Bill,GK,DC,75000.0,89750.0,2013-05-01
330,Carlo Cudicini,LA,GK,21.0,21.0,1890.0,68.0,39.0,27.0,1.29,9.0,8.0,4.0,7.0,42.9,57.4,2013,REG,0.0,1.0,Cudicini,Carlo,LA,LA,Cudicini,Carlo,GK,LA,150000.0,150000.0,2013-05-01
331,Andy Gruenebaum,CLB,GK,21.0,21.0,1890.0,100.0,71.0,28.0,1.33,5.0,11.0,5.0,4.0,23.8,71.0,2013,REG,2.0,2.0,Gruenebaum,Andy,CLB,CLB,Gruenebaum,Andy,GK,CLB,92220.0,93886.67,2013-05-01
332,David Ousted,DC,GK,13.0,13.0,1170.0,54.0,37.0,16.0,1.23,4.0,5.0,4.0,4.0,30.8,68.5,2013,REG,1.0,1.0,Ousted,David,DC,VAN,Ousted,David,GK,VAN,150000.0,166156.25,2013-08-01
333,Matt Lampson,MIN,GK,13.0,13.0,1170.0,63.0,43.0,18.0,1.38,7.0,6.0,0.0,5.0,53.8,68.3,2013,REG,3.0,3.0,Lampson,Matt,MIN,CLB,Lampson,Matt,GK,CLB,46500.0,46500.0,2013-05-01
334,Matt Reis,NE,GK,12.0,12.0,995.0,37.0,29.0,8.0,0.67,7.0,0.0,4.0,5.0,58.3,78.4,2013,REG,0.0,0.0,Reis,Matt,NE,NE,Reis,Matt,GK,NE,165000.0,167666.67,2013-05-01
335,Brad Knighton,NE,GK,11.0,11.0,990.0,50.0,35.0,15.0,1.36,6.0,3.0,2.0,2.0,54.5,70.0,2013,REG,2.0,2.0,Knighton,Brad,NE,VAN,Knighton,Brad,GK,VAN,66000.0,66000.0,2013-05-01
336,Joe Cannon,VAN,GK,10.0,10.0,900.0,42.0,31.0,14.0,1.4,3.0,4.0,3.0,1.0,30.0,73.8,2013,REG,0.0,0.0,Cannon,Joe,VAN,VAN,Cannon,Joe,GK,VAN,180500.0,189916.67,2013-05-01
337,Jaime Penedo,LA,GK,9.0,9.0,810.0,31.0,24.0,7.0,0.78,4.0,1.0,4.0,4.0,44.4,77.4,2013,REG,0.0,0.0,Penedo,Jaime,LA,LA,Penedo,Jaime,GK,LA,78000.0,81562.5,2013-09-15
338,Joe Willis,HOU,GK,9.0,9.0,810.0,47.0,28.0,20.0,2.22,1.0,7.0,1.0,1.0,11.1,59.6,2013,REG,1.0,1.0,Willis,Joe,HOU,DC,Willis,Joe,GK,DC,46500.0,46500.0,2013-05-01
339,Chris Seitz,HOU,GK,8.0,8.0,720.0,36.0,24.0,11.0,1.38,4.0,2.0,2.0,2.0,50.0,66.7,2013,REG,0.0,0.0,Seitz,Chris,HOU,DAL,Seitz,Chris,GK,DAL,90000.0,90000.0,2013-05-01
340,Paolo Tornaghi,CHI,GK,6.0,6.0,540.0,24.0,12.0,13.0,2.17,2.0,3.0,1.0,0.0,33.3,50.0,2013,REG,0.0,0.0,Tornaghi,Paolo,CHI,CHI,Tornaghi,Paolo,GK,CHI,46500.0,46500.0,2013-05-01
341,Jeff Attinella,POR,GK,5.0,4.0,399.0,24.0,14.0,9.0,2.25,1.0,2.0,1.0,1.0,20.0,58.3,2013,REG,3.0,3.0,Attinella,Jeff,POR,RSL,Attinella,Jeff,GK,RSL,46500.0,46500.0,2013-05-01
342,Brian Rowe,VAN,GK,4.0,4.0,360.0,19.0,14.0,4.0,1.0,2.0,2.0,0.0,2.0,50.0,73.7,2013,REG,0.0,0.0,Rowe,Brian,VAN,LA,Rowe,Brian,GK,LA,46500.0,46500.0,2013-05-01
343,Marcus Hahnemann,SEA,GK,4.0,4.0,360.0,10.0,6.0,4.0,1.0,2.0,2.0,0.0,1.0,50.0,60.0,2013,REG,0.0,0.0,Hahnemann,Marcus,SEA,SEA,Hahnemann,Marcus,GK,SEA,60000.0,60000.0,2013-05-01
344,Andrew Weber,SEA,GK,3.0,2.0,225.0,8.0,5.0,3.0,1.5,1.0,1.0,1.0,0.0,33.3,62.5,2013,REG,0.0,0.0,Weber,Andrew,SEA,SEA,Weber,Andrew,GK,SEA,46500.0,46500.0,2013-08-01
345,Josh Saunders,RSL,GK,3.0,3.0,231.0,18.0,13.0,4.0,1.33,1.0,1.0,1.0,0.0,33.3,72.2,2013,REG,0.0,0.0,Saunders,Josh,RSL,RSL,Saunders,Josh,GK,RSL,90000.0,95250.0,2013-05-01
346,Matt Pickens,COL,GK,2.0,2.0,97.0,4.0,2.0,2.0,1.0,0.0,1.0,0.0,0.0,0.0,50.0,2013,REG,0.0,0.0,Pickens,Matt,COL,COL,Pickens,Matt,GK,COL,190000.0,212933.33,2013-05-01
347,Patrick McLain,CHV,GK,2.0,1.0,124.0,10.0,4.0,6.0,6.0,0.0,1.0,0.0,0.0,0.0,40.0,2013,REG,1.0,1.0,McLain,Patrick,CHV,CHV,McLain,Patrick,GK,CHV,46500.0,46500.0,2013-05-01
348,Tim Melia,SKC,GK,2.0,2.0,180.0,15.0,8.0,7.0,3.5,0.0,2.0,0.0,0.0,0.0,53.3,2013,REG,1.0,1.0,Melia,Tim,KC,CHV,Melia,Tim,GK,CHV,60000.0,65000.0,2013-05-01
349,Milos Kocic,POR,GK,2.0,2.0,180.0,10.0,7.0,2.0,1.0,1.0,0.0,1.0,1.0,50.0,70.0,2013,REG,0.0,0.0,Kocic,Milos,POR,POR,Kocic,Milos,GK,POR,49612.0,49612.0,2013-05-01
350,Stefan Frei,SEA,GK,1.0,1.0,90.0,3.0,2.0,1.0,1.0,0.0,1.0,0.0,0.0,0.0,66.7,2013,REG,1.0,1.0,Frei,Stefan,SEA,TOR,Frei,Stefan,GK,TOR,145000.0,200000.0,2013-05-01
351,Steward Ceus,COL,GK,1.0,1.0,90.0,6.0,5.0,1.0,1.0,0.0,1.0,0.0,0.0,0.0,83.3,2013,REG,0.0,0.0,Ceus,Steward,COL,COL,Ceus,Steward,GK,COL,60000.0,70333.33,2013-05-01
352,David Bingham,LA,GK,1.0,1.0,90.0,8.0,7.0,1.0,1.0,1.0,0.0,0.0,0.0,100.0,87.5,2013,REG,0.0,0.0,Bingham,David,LA,SJ,Bingham,David,GK,SJ,78100.0,122475.0,2013-05-01
353,Evan Bush,MTL,GK,1.0,1.0,90.0,7.0,6.0,1.0,1.0,0.0,1.0,0.0,0.0,0.0,85.7,2013,REG,0.0,0.0,Bush,Evan,MTL,MTL,Bush,Evan,GK,MTL,46500.0,46500.0,2013-05-01
354,Ryan Meara,NY,GK,0.0,0.0,0.0,0.0,0.0,0.0,0.0,0.0,0.0,0.0,0.0,0.0,0.0,2013,REG,0.0,0.0,Meara,Ryan,NY,NY,Meara,Ryan,GK,NY,65000.0,66250.0,2013-05-01
356,Luis Soffner,NE,GK,0.0,0.0,0.0,0.0,0.0,0.0,0.0,0.0,0.0,0.0,0.0,0.0,0.0,2013,REG,0.0,0.0,Soffner,Luis,NE,NE,Soffner,Luis,GK,NE,35125.0,35125.0,2013-05-01
357,Kyle Zobeck,DAL,GK,0.0,0.0,0.0,0.0,0.0,0.0,0.0,0.0,0.0,0.0,0.0,0.0,0.0,2013,REG,0.0,0.0,Zobeck,Kyle,DAL,DAL,Zobeck,Kyle,GK,DAL,35125.0,35125.0,2013-05-01
358,Daniel Withrow,CLB,GK,0.0,0.0,0.0,0.0,0.0,0.0,0.0,0.0,0.0,0.0,0.0,0.0,0.0,2013,REG,0.0,0.0,Withrow,Daniel,CLB,CLB,Withrow,Daniel,GK,CLB,35125.0,35125.0,2013-05-01
359,Maxime Crepeau,MTL,GK,0.0,0.0,0.0,0.0,0.0,0.0,0.0,0.0,0.0,0.0,0.0,0.0,0.0,2013,REG,0.0,0.0,Crepeau,Maxime,MTL,MTL,Crepeau,Maxime,GK,MTL,35125.0,35125.0,2013-05-01
360,Alec Kann,ATL,GK,0.0,0.0,0.0,0.0,0.0,0.0,0.0,0.0,0.0,0.0,0.0,0.0,0.0,2013,REG,0.0,0.0,Kann,Alec,ATL,CHI,Kann,Alec,GK,CHI,35125.0,35125.0,2013-05-01
361,Jesse Gonzalez,DAL,GK,0.0,0.0,0.0,0.0,0.0,0.0,0.0,0.0,0.0,0.0,0.0,0.0,0.0,2013,REG,0.0,0.0,Gonzalez,Jesse,DAL,DAL,Gonzalez,Jesse,GK,DAL,35125.0,35125.0,2013-05-01
362,Evan Newton,SJ,GK,0.0,0.0,0.0,0.0,0.0,0.0,0.0,0.0,0.0,0.0,0.0,0.0,0.0,2013,REG,0.0,0.0,Newton,Evan,SJ,SJ,Newton,Evan,GK,SJ,46500.0,46500.0,2013-05-01
363,Jake Gleeson,POR,GK,0.0,0.0,0.0,0.0,0.0,0.0,0.0,0.0,0.0,0.0,0.0,0.0,0.0,2013,REG,0.0,0.0,Gleeson,Jake,POR,POR,Gleeson,Jake,GK,POR,60000.0,63263.75,2013-05-01
364,Richard Sanchez,CHI,GK,0.0,0.0,0.0,0.0,0.0,0.0,0.0,0.0,0.0,0.0,0.0,0.0,0.0,2013,REG,0.0,0.0,Sanchez,Richard,CHI,DAL,Sanchez,Richard,GK,DAL,46500.0,63500.0,2013-05-01
366,Tyler Deric,HOU,GK,0.0,0.0,0.0,0.0,0.0,0.0,0.0,0.0,0.0,0.0,0.0,0.0,0.0,2013,REG,0.0,0.0,Deric,Tyler,HOU,HOU,Deric,Tyler,GK,HOU,80000.0,87666.67,2013-05-01
367,Erich Marscheider,HOU,GK,0.0,0.0,0.0,0.0,0.0,0.0,0.0,0.0,0.0,0.0,0.0,0.0,0.0,2013,REG,0.0,0.0,Marscheider,Erich,HOU,HOU,Marscheider,Erich,GK,HOU,46500.0,46500.0,2013-05-01
368,Quillan Roberts,TOR,GK,0.0,0.0,0.0,0.0,0.0,0.0,0.0,0.0,0.0,0.0,0.0,0.0,0.0,2013,REG,0.0,0.0,Roberts,Quillan,TOR,TOR,Roberts,Quillan,GK,TOR,46500.0,46500.0,2013-05-01
370,Josh Ford,SEA,GK,0.0,0.0,0.0,0.0,0.0,0.0,0.0,0.0,0.0,0.0,0.0,0.0,0.0,2013,REG,0.0,0.0,Ford,Josh,SEA,SEA,Ford,Josh,GK,SEA,46500.0,46500.0,2013-05-01
371,Simon Thomas,CAN,GK,0.0,0.0,0.0,0.0,0.0,0.0,0.0,0.0,0.0,0.0,0.0,0.0,0.0,2013,REG,0.0,0.0,Thomas,Simon,UNK,VAN,Thomas,Simon,GK,VAN,35125.0,35125.0,2013-05-01
372,Andrew Dykstra,SKC,GK,0.0,0.0,0.0,0.0,0.0,0.0,0.0,0.0,0.0,0.0,0.0,0.0,0.0,2013,REG,0.0,0.0,Dykstra,Andrew,KC,DC,Dykstra,Andrew,GK,DC,46500.0,46500.0,2013-05-01
373,Brian Perk,LA,GK,0.0,0.0,0.0,0.0,0.0,0.0,0.0,0.0,0.0,0.0,0.0,0.0,0.0,2013,REG,0.0,0.0,Perk,Brian,LA,LA,Perk,Brian,GK,LA,55000.0,58125.0,2013-05-01
374,Eric Kronberg,KC,GK,0.0,0.0,0.0,0.0,0.0,0.0,0.0,0.0,0.0,0.0,0.0,0.0,0.0,2013,REG,0.0,0.0,Kronberg,Eric,KC,KC,Kronberg,Eric,GK,KC,76835.0,76835.0,2013-05-01
375,Chris Konopka,PHI,GK,0.0,0.0,0.0,0.0,0.0,0.0,0.0,0.0,0.0,0.0,0.0,0.0,0.0,2013,REG,0.0,0.0,Konopka,Chris,PHI,PHI,Konopka,Chris,GK,PHI,46500.0,46500.0,2013-05-01
376,Chris Konopka,PHI,GK,0.0,0.0,0.0,0.0,0.0,0.0,0.0,0.0,0.0,0.0,0.0,0.0,0.0,2013,REG,0.0,0.0,Konopka,Chris,PHI,TOR,Konopka,Chris,GK,TOR,46500.0,46500.0,2013-09-15
377,Kevin Hartman,NY,GK,0.0,0.0,0.0,0.0,0.0,0.0,0.0,0.0,0.0,0.0,0.0,0.0,0.0,2013,REG,0.0,0.0,Hartman,Kevin,NY,NY,Hartman,Kevin,GK,NY,46500.0,54000.0,2013-05-01
378,Oka Nikolov,PHI,GK,0.0,0.0,0.0,0.0,0.0,0.0,0.0,0.0,0.0,0.0,0.0,0.0,0.0,2013,REG,0.0,0.0,Nikolov,Oka,PHI,PHI,Nikolov,Oka,GK,PHI,46500.0,46500.0,2013-08-01
379,Jon Busch,SJ,GK,34.0,34.0,3060.0,191.0,137.0,50.0,1.47,6.0,16.0,12.0,6.0,17.6,71.7,2014,REG,8.0,10.0,Busch,Jon,SJ,SJ,Busch,Jon,GK,SJ,173250.0,184583.33,2014-04-01
380,Luis Robles,NY,GK,34.0,34.0,3060.0,171.0,111.0,50.0,1.47,13.0,10.0,11.0,6.0,38.2,64.9,2014,REG,8.0,10.0,Robles,Luis,NY,NY,Robles,Luis,GK,NY,100000.0,125000.0,2014-04-01
381,David Ousted,DC,GK,34.0,34.0,3060.0,140.0,96.0,40.0,1.18,12.0,8.0,14.0,13.0,35.3,68.6,2014,REG,5.0,5.0,Ousted,David,DC,VAN,Ousted,David,GK,VAN,250000.0,266156.25,2014-04-01
382,Stefan Frei,SEA,GK,34.0,34.0,3060.0,149.0,99.0,50.0,1.47,20.0,10.0,4.0,9.0,58.8,66.4,2014,REG,6.0,7.0,Frei,Stefan,SEA,SEA,Frei,Stefan,GK,SEA,150000.0,150000.0,2014-04-01
384,Dan Kennedy,CHV,GK,33.0,33.0,2957.0,155.0,93.0,57.0,1.73,9.0,18.0,6.0,6.0,27.3,60.0,2014,REG,3.0,4.0,Kennedy,Dan,CHV,CHV,Kennedy,Dan,GK,CHV,211750.0,213416.67,2014-04-01
385,Sean Johnson,NYC,GK,33.0,33.0,2970.0,149.0,96.0,49.0,1.48,6.0,9.0,18.0,6.0,18.2,64.4,2014,REG,6.0,8.0,Johnson,Sean,NYCFC,CHI,Johnson,Sean,GK,CHI,250000.0,253000.0,2014-04-01
386,Donovan Ricketts,POR,GK,32.0,32.0,2861.0,151.0,105.0,44.0,1.38,12.0,7.0,12.0,7.0,37.5,69.5,2014,REG,7.0,7.0,Ricketts,Donovan,POR,POR,Ricketts,Donovan,GK,POR,260000.0,260000.0,2014-04-01
388,Bill Hamid,DC,GK,30.0,30.0,2700.0,146.0,110.0,34.0,1.13,14.0,9.0,7.0,10.0,46.7,75.3,2014,REG,5.0,5.0,Hamid,Bill,DC,DC,Hamid,Bill,GK,DC,100000.0,114750.0,2014-04-01
389,Zac MacMath,COL,GK,29.0,29.0,2610.0,125.0,77.0,45.0,1.55,9.0,10.0,10.0,5.0,31.0,61.6,2014,REG,4.0,7.0,MacMath,Zac,COL,PHI,MacMath,Zac,GK,PHI,120000.0,120000.0,2014-04-01
390,Jaime Penedo,LA,GK,29.0,29.0,2610.0,115.0,81.0,33.0,1.14,15.0,7.0,7.0,8.0,51.7,70.4,2014,REG,3.0,3.0,Penedo,Jaime,LA,LA,Penedo,Jaime,GK,LA,135000.0,138562.5,2014-04-01
391,Joe Bendik,OCS,GK,27.0,27.0,2430.0,125.0,82.0,45.0,1.67,8.0,11.0,8.0,4.0,29.6,65.6,2014,REG,4.0,5.0,Bendik,Joe,ORL,TOR,Bendik,Joe,GK,TOR,140000.0,147375.0,2014-04-01
392,Clint Irwin,TOR,GK,26.0,25.0,2336.0,125.0,73.0,49.0,1.96,7.0,15.0,4.0,7.0,26.9,58.4,2014,REG,6.0,7.0,Irwin,Clint,TOR,COL,Irwin,Clint,GK,COL,75000.0,87000.0,2014-04-01
393,Tally Hall,DC,GK,24.0,24.0,2150.0,115.0,67.0,44.0,1.83,8.0,12.0,4.0,7.0,33.3,58.3,2014,REG,7.0,8.0,Hall,Tally,DC,HOU,Hall,Tally,GK,HOU,200000.0,213500.0,2014-04-01
394,Nick Rimando,RSL,GK,24.0,24.0,2160.0,97.0,71.0,25.0,1.04,13.0,4.0,7.0,7.0,54.2,73.2,2014,REG,1.0,5.0,Rimando,Nick,RSL,RSL,Rimando,Nick,GK,RSL,225000.0,235833.33,2014-04-01
395,Raul Fernandez,DAL,GK,21.0,20.0,1818.0,95.0,66.0,25.0,1.25,9.0,8.0,3.0,4.0,42.9,69.5,2014,REG,3.0,4.0,Fernandez,Raul,DAL,DAL,Fernandez,Raul,GK,DAL,160000.0,247500.0,2014-04-01
396,Troy Perkins,MTL,GK,21.0,21.0,1890.0,102.0,66.0,35.0,1.67,4.0,12.0,5.0,5.0,19.0,64.7,2014,REG,4.0,5.0,Perkins,Troy,MTL,MTL,Perkins,Troy,GK,MTL,250000.0,271833.33,2014-04-01
397,Eric Kronberg,KC,GK,20.0,20.0,1800.0,73.0,45.0,22.0,1.1,7.0,8.0,5.0,7.0,35.0,61.6,2014,REG,5.0,5.0,Kronberg,Eric,KC,KC,Kronberg,Eric,GK,KC,120000.0,120000.0,2014-04-01
398,Chris Seitz,HOU,GK,14.0,14.0,1242.0,67.0,44.0,20.0,1.43,7.0,4.0,3.0,2.0,50.0,65.7,2014,REG,0.0,1.0,Seitz,Chris,HOU,DAL,Seitz,Chris,GK,DAL,105000.0,105000.0,2014-04-01
399,Evan Bush,MTL,GK,13.0,13.0,1170.0,79.0,52.0,23.0,1.77,2.0,6.0,5.0,3.0,15.4,65.8,2014,REG,2.0,2.0,Bush,Evan,MTL,MTL,Bush,Evan,GK,MTL,48825.0,48825.0,2014-04-01
400,Tyler Deric,HOU,GK,11.0,10.0,910.0,53.0,36.0,14.0,1.4,3.0,5.0,2.0,3.0,27.3,67.9,2014,REG,2.0,3.0,Deric,Tyler,HOU,HOU,Deric,Tyler,GK,HOU,90000.0,97666.67,2014-04-01
401,Andy Gruenebaum,KC,GK,11.0,11.0,945.0,45.0,34.0,12.0,1.09,6.0,3.0,2.0,3.0,54.5,75.6,2014,REG,1.0,1.0,Gruenebaum,Andy,KC,KC,Gruenebaum,Andy,GK,KC,85000.0,85000.0,2014-04-01
402,Jeff Attinella,POR,GK,10.0,10.0,900.0,60.0,45.0,14.0,1.4,2.0,4.0,4.0,3.0,20.0,75.0,2014,REG,3.0,5.0,Attinella,Jeff,POR,RSL,Attinella,Jeff,GK,RSL,48825.0,48825.0,2014-04-01
404,John Berner,COL,GK,5.0,5.0,450.0,12.0,6.0,6.0,1.2,1.0,1.0,3.0,2.0,20.0,50.0,2014,REG,0.0,0.0,Berner,John,COL,COL,Berner,John,GK,COL,36500.0,36500.0,2014-04-01
405,Joe Nasco,COL,GK,4.0,4.0,271.0,19.0,13.0,7.0,1.75,0.0,2.0,1.0,0.0,0.0,68.4,2014,REG,0.0,0.0,Nasco,Joe,COL,COL,Nasco,Joe,GK,COL,50000.0,52693.83,2014-04-01
408,Andrew Dykstra,SKC,GK,4.0,4.0,360.0,9.0,6.0,3.0,0.75,3.0,0.0,1.0,2.0,75.0,66.7,2014,REG,0.0,1.0,Dykstra,Andrew,KC,DC,Dykstra,Andrew,GK,DC,48825.0,48825.0,2014-04-01
409,Andrew Weber,POR,GK,3.0,2.0,198.0,16.0,8.0,8.0,4.0,0.0,2.0,1.0,0.0,0.0,50.0,2014,REG,2.0,3.0,Weber,Andrew,POR,POR,Weber,Andrew,GK,POR,48500.0,48500.04,2014-04-01
410,Brian Rowe,VAN,GK,3.0,3.0,270.0,13.0,10.0,3.0,1.0,1.0,0.0,2.0,1.0,33.3,76.9,2014,REG,0.0,0.0,Rowe,Brian,VAN,LA,Rowe,Brian,GK,LA,48825.0,48825.0,2014-04-01
411,Tim Melia,SKC,GK,2.0,1.0,79.0,4.0,1.0,3.0,3.0,0.0,1.0,0.0,0.0,0.0,25.0,2014,REG,0.0,0.0,Melia,Tim,KC,CHV,Melia,Tim,GK,CHV,70000.0,75000.0,2014-04-01
412,Tim Melia,SKC,GK,2.0,1.0,79.0,4.0,1.0,3.0,3.0,0.0,1.0,0.0,0.0,0.0,25.0,2014,REG,0.0,0.0,Melia,Tim,KC,UNK,Melia,Tim,GK,,70000.0,75000.0,2014-09-15
413,Brian Perk,LA,GK,2.0,2.0,180.0,3.0,2.0,1.0,0.5,1.0,0.0,1.0,1.0,50.0,66.7,2014,REG,0.0,0.0,Perk,Brian,LA,LA,Perk,Brian,GK,LA,60000.0,63125.0,2014-04-01
414,Brad Knighton,NE,GK,2.0,2.0,180.0,12.0,6.0,6.0,3.0,1.0,1.0,0.0,0.0,50.0,50.0,2014,REG,1.0,1.0,Knighton,Brad,NE,NE,Knighton,Brad,GK,NE,78100.0,80700.0,2014-04-01
415,Trevor Spangenberg,CHV,GK,1.0,0.0,22.0,2.0,1.0,1.0,1.0,0.0,0.0,0.0,0.0,0.0,50.0,2014,REG,1.0,1.0,Spangenberg,Trevor,CHV,CHV,Spangenberg,Trevor,GK,CHV,36504.0,36504.0,2014-04-01
416,Andre Blake,PHI,GK,1.0,1.0,90.0,8.0,7.0,2.0,2.0,0.0,1.0,0.0,0.0,0.0,87.5,2014,REG,0.0,0.0,Blake,Andre,PHI,PHI,Blake,Andre,GK,PHI,75000.0,113000.0,2014-04-01
417,Kyle Reynish,CHI,GK,1.0,1.0,90.0,4.0,2.0,2.0,2.0,0.0,1.0,0.0,0.0,0.0,50.0,2014,REG,0.0,0.0,Reynish,Kyle,CHI,CHI,Reynish,Kyle,GK,CHI,74000.0,78316.67,2014-04-01
418,Chris Konopka,TOR,GK,0.0,0.0,0.0,0.0,0.0,0.0,0.0,0.0,0.0,0.0,0.0,0.0,0.0,2014,REG,0.0,0.0,Konopka,Chris,TOR,TOR,Konopka,Chris,GK,TOR,60000.0,60000.0,2014-04-01
419,Marcus Hahnemann,SEA,GK,0.0,0.0,0.0,0.0,0.0,0.0,0.0,0.0,0.0,0.0,0.0,0.0,0.0,2014,REG,0.0,0.0,Hahnemann,Marcus,SEA,SEA,Hahnemann,Marcus,GK,SEA,65000.0,65000.0,2014-04-01
421,Paolo Tornaghi,VAN,GK,0.0,0.0,0.0,0.0,0.0,0.0,0.0,0.0,0.0,0.0,0.0,0.0,0.0,2014,REG,0.0,0.0,Tornaghi,Paolo,VAN,VAN,Tornaghi,Paolo,GK,VAN,72000.0,72000.0,2014-04-01
422,David Bingham,LA,GK,0.0,0.0,0.0,0.0,0.0,0.0,0.0,0.0,0.0,0.0,0.0,0.0,0.0,2014,REG,0.0,0.0,Bingham,David,LA,SJ,Bingham,David,GK,SJ,85910.0,130285.0,2014-04-01
423,Jake Gleeson,POR,GK,0.0,0.0,0.0,0.0,0.0,0.0,0.0,0.0,0.0,0.0,0.0,0.0,0.0,2014,REG,0.0,0.0,Gleeson,Jake,POR,POR,Gleeson,Jake,GK,POR,66000.0,69493.44,2014-04-01
424,Richard Sanchez,CHI,GK,0.0,0.0,0.0,0.0,0.0,0.0,0.0,0.0,0.0,0.0,0.0,0.0,0.0,2014,REG,0.0,0.0,Sanchez,Richard,CHI,DAL,Sanchez,Richard,GK,DAL,55000.0,72000.0,2014-04-01
425,Joe Willis,HOU,GK,0.0,0.0,0.0,0.0,0.0,0.0,0.0,0.0,0.0,0.0,0.0,0.0,0.0,2014,REG,0.0,0.0,Willis,Joe,HOU,DC,Willis,Joe,GK,DC,48825.0,48825.0,2014-04-01
426,Josh Ford,SEA,GK,0.0,0.0,0.0,0.0,0.0,0.0,0.0,0.0,0.0,0.0,0.0,0.0,0.0,2014,REG,0.0,0.0,Ford,Josh,SEA,SEA,Ford,Josh,GK,SEA,48500.0,50239.94,2014-04-01
427,Marco Carducci,VAN,GK,0.0,0.0,0.0,0.0,0.0,0.0,0.0,0.0,0.0,0.0,0.0,0.0,0.0,2014,REG,0.0,0.0,Carducci,Marco,VAN,VAN,Carducci,Marco,GK,VAN,36504.0,36504.0,2014-04-01
428,Billy Knutsen,SJ,GK,0.0,0.0,0.0,0.0,0.0,0.0,0.0,0.0,0.0,0.0,0.0,0.0,0.0,2014,REG,0.0,0.0,Knutsen,Billy,SJ,SJ,Knutsen,Billy,GK,SJ,36504.0,36504.0,2014-09-15
429,Larry Jackson,NE,GK,0.0,0.0,0.0,0.0,0.0,0.0,0.0,0.0,0.0,0.0,0.0,0.0,0.0,2014,REG,0.0,0.0,Jackson,Larry,NE,NE,Jackson,Larry,GK,NE,36504.0,36504.0,2014-09-15
430,Matt Lampson,MIN,GK,0.0,0.0,0.0,0.0,0.0,0.0,0.0,0.0,0.0,0.0,0.0,0.0,0.0,2014,REG,0.0,0.0,Lampson,Matt,MIN,CLB,Lampson,Matt,GK,CLB,48825.0,48825.0,2014-04-01
431,Ryan Meara,NY,GK,0.0,0.0,0.0,0.0,0.0,0.0,0.0,0.0,0.0,0.0,0.0,0.0,0.0,2014,REG,0.0,0.0,Meara,Ryan,NY,NY,Meara,Ryan,GK,NY,68250.0,69500.0,2014-04-01
432,Bryan Meredith,SEA,GK,0.0,0.0,0.0,0.0,0.0,0.0,0.0,0.0,0.0,0.0,0.0,0.0,0.0,2014,REG,0.0,0.0,Meredith,Bryan,SEA,SJ,Meredith,Bryan,GK,SJ,36500.0,36500.0,2014-04-01
433,Quillan Roberts,TOR,GK,0.0,0.0,0.0,0.0,0.0,0.0,0.0,0.0,0.0,0.0,0.0,0.0,0.0,2014,REG,0.0,0.0,Roberts,Quillan,TOR,TOR,Roberts,Quillan,GK,TOR,48825.0,48825.0,2014-04-01
435,Brian Holt,PHI,GK,0.0,0.0,0.0,0.0,0.0,0.0,0.0,0.0,0.0,0.0,0.0,0.0,0.0,2014,REG,0.0,0.0,Holt,Brian,PHI,PHI,Holt,Brian,GK,PHI,48500.0,48500.0,2014-04-01
436,Michael Lisch,HOU,GK,0.0,0.0,0.0,0.0,0.0,0.0,0.0,0.0,0.0,0.0,0.0,0.0,0.0,2014,REG,0.0,0.0,Lisch,Michael,HOU,HOU,Lisch,Michael,GK,HOU,36504.0,36504.0,2014-04-01
438,Brad Stuver,CLB,GK,0.0,0.0,0.0,0.0,0.0,0.0,0.0,0.0,0.0,0.0,0.0,0.0,0.0,2014,REG,0.0,0.0,Stuver,Brad,CLB,CLB,Stuver,Brad,GK,CLB,48500.0,48500.0,2014-04-01
439,Luis Soffner,NE,GK,0.0,0.0,0.0,0.0,0.0,0.0,0.0,0.0,0.0,0.0,0.0,0.0,0.0,2014,REG,0.0,0.0,Soffner,Luis,NE,NE,Soffner,Luis,GK,NE,36500.0,36500.0,2014-04-01
440,Maxime Crepeau,MTL,GK,0.0,0.0,0.0,0.0,0.0,0.0,0.0,0.0,0.0,0.0,0.0,0.0,0.0,2014,REG,0.0,0.0,Crepeau,Maxime,MTL,MTL,Crepeau,Maxime,GK,MTL,48500.0,48500.0,2014-04-01
441,Alec Kann,ATL,GK,0.0,0.0,0.0,0.0,0.0,0.0,0.0,0.0,0.0,0.0,0.0,0.0,0.0,2014,REG,0.0,0.0,Kann,Alec,ATL,CHI,Kann,Alec,GK,CHI,48500.0,48500.0,2014-04-01
442,Jesse Gonzalez,DAL,GK,0.0,0.0,0.0,0.0,0.0,0.0,0.0,0.0,0.0,0.0,0.0,0.0,0.0,2014,REG,0.0,0.0,Gonzalez,Jesse,DAL,DAL,Gonzalez,Jesse,GK,DAL,48500.0,48500.0,2014-04-01
443,Luis Robles,NY,GK,34.0,34.0,3060.0,131.0,86.0,43.0,1.26,18.0,10.0,6.0,9.0,52.9,65.6,2015,REG,2.0,3.0,Robles,Luis,NY,NY,Robles,Luis,GK,NY,130000.0,151375.0,2015-07-15
444,David Ousted,DC,GK,34.0,34.0,3060.0,137.0,99.0,36.0,1.06,16.0,13.0,5.0,13.0,47.1,72.3,2015,REG,2.0,6.0,Ousted,David,DC,VAN,Ousted,David,GK,VAN,286000.0,302570.0,2015-07-15
445,David Bingham,LA,GK,34.0,34.0,3060.0,147.0,105.0,39.0,1.15,13.0,13.0,8.0,12.0,38.2,71.4,2015,REG,4.0,6.0,Bingham,David,LA,SJ,Bingham,David,GK,SJ,130000.0,137750.0,2015-07-15
446,Steve Clark,DC,GK,34.0,34.0,3060.0,168.0,114.0,53.0,1.56,15.0,11.0,8.0,6.0,44.1,67.9,2015,REG,4.0,4.0,Clark,Steve,DC,CLB,Clark,Steve,GK,CLB,170000.0,188333.0,2015-07-15
447,Adam Kwarasey,POR,GK,33.0,33.0,2970.0,120.0,80.0,36.0,1.09,15.0,10.0,8.0,13.0,45.5,66.7,2015,REG,4.0,4.0,Kwarasey,Adam,POR,POR,Kwarasey,Adam,GK,POR,260000.0,260000.0,2015-07-15
448,Josh Saunders,NYC,GK,33.0,33.0,2970.0,188.0,123.0,57.0,1.73,10.0,16.0,7.0,4.0,30.3,65.4,2015,REG,6.0,7.0,Saunders,Josh,NYCFC,NYCFC,Saunders,Josh,GK,NYCFC,90000.0,90000.0,2015-07-15
449,Stefan Frei,SEA,GK,31.0,31.0,2744.0,144.0,111.0,33.0,1.06,14.0,10.0,6.0,10.0,45.2,77.1,2015,REG,2.0,3.0,Frei,Stefan,SEA,SEA,Frei,Stefan,GK,SEA,165000.0,165000.0,2015-07-15
451,Tyler Deric,HOU,GK,31.0,31.0,2790.0,139.0,89.0,44.0,1.42,10.0,13.0,8.0,7.0,32.3,64.0,2015,REG,5.0,5.0,Deric,Tyler,HOU,HOU,Deric,Tyler,GK,HOU,105000.0,112667.0,2015-07-15
452,Evan Bush,MTL,GK,31.0,31.0,2790.0,142.0,99.0,39.0,1.26,15.0,12.0,4.0,9.0,48.4,69.7,2015,REG,6.0,7.0,Bush,Evan,MTL,MTL,Bush,Evan,GK,MTL,100000.0,100000.0,2015-07-15
453,Clint Irwin,TOR,GK,31.0,31.0,2790.0,125.0,88.0,38.0,1.23,8.0,13.0,10.0,8.0,25.8,70.4,2015,REG,3.0,3.0,Irwin,Clint,TOR,COL,Irwin,Clint,GK,COL,85000.0,97000.0,2015-07-15
454,Bill Hamid,DC,GK,25.0,25.0,2250.0,133.0,101.0,29.0,1.16,11.0,9.0,5.0,8.0,44.0,75.9,2015,REG,0.0,1.0,Hamid,Bill,DC,DC,Hamid,Bill,GK,DC,360000.0,405500.0,2015-07-15
455,Nick Rimando,RSL,GK,24.0,24.0,2160.0,93.0,66.0,24.0,1.0,8.0,9.0,7.0,8.0,33.3,71.0,2015,REG,5.0,8.0,Rimando,Nick,RSL,RSL,Rimando,Nick,GK,RSL,350000.0,370000.0,2015-07-15
456,Tally Hall,DC,GK,23.0,23.0,2064.0,114.0,73.0,41.0,1.78,10.0,8.0,5.0,5.0,43.5,64.0,2015,REG,4.0,5.0,Hall,Tally,DC,ORL,Hall,Tally,GK,ORL,215000.0,228500.0,2015-07-15
457,Tim Melia,SKC,GK,23.0,23.0,2070.0,113.0,82.0,28.0,1.22,11.0,8.0,4.0,8.0,47.8,72.6,2015,REG,2.0,2.0,Melia,Tim,KC,KC,Melia,Tim,GK,KC,80000.0,84203.0,2015-07-15
458,Sean Johnson,NYC,GK,21.0,21.0,1890.0,90.0,59.0,32.0,1.52,5.0,11.0,5.0,4.0,23.8,65.6,2015,REG,3.0,3.0,Johnson,Sean,NYCFC,CHI,Johnson,Sean,GK,CHI,250000.0,253000.0,2015-07-15
459,Donovan Ricketts,LA,GK,21.0,21.0,1890.0,92.0,58.0,32.0,1.52,7.0,9.0,5.0,3.0,33.3,63.0,2015,REG,4.0,4.0,Ricketts,Donovan,LA,LA,Ricketts,Donovan,GK,LA,260000.0,260000.0,2015-09-15
460,Donovan Ricketts,LA,GK,21.0,21.0,1890.0,92.0,58.0,32.0,1.52,7.0,9.0,5.0,3.0,33.3,63.0,2015,REG,4.0,4.0,Ricketts,Donovan,LA,ORL,Ricketts,Donovan,GK,ORL,260000.0,260000.0,2015-07-15
461,Chris Konopka,TOR,GK,21.0,21.0,1890.0,92.0,62.0,31.0,1.48,11.0,7.0,3.0,4.0,52.4,67.4,2015,REG,4.0,6.0,Konopka,Chris,TOR,TOR,Konopka,Chris,GK,TOR,66000.0,66000.0,2015-07-15
462,Dan Kennedy,DAL,GK,16.0,16.0,1440.0,48.0,30.0,19.0,1.19,7.0,5.0,4.0,5.0,43.8,62.5,2015,REG,3.0,4.0,Kennedy,Dan,DAL,DAL,Kennedy,Dan,GK,DAL,233000.0,233000.0,2015-07-15
463,Jaime Penedo,LA,GK,16.0,16.0,1440.0,69.0,50.0,19.0,1.19,6.0,4.0,6.0,5.0,37.5,72.5,2015,REG,1.0,1.0,Penedo,Jaime,LA,LA,Penedo,Jaime,GK,LA,175000.0,178125.0,2015-07-15
464,Joe Bendik,OCS,GK,13.0,13.0,1170.0,72.0,45.0,27.0,2.08,4.0,8.0,1.0,1.0,30.8,62.5,2015,REG,2.0,2.0,Bendik,Joe,ORL,TOR,Bendik,Joe,GK,TOR,150000.0,157375.0,2015-07-15
465,Jon Busch,CHI,GK,12.0,12.0,1080.0,57.0,35.0,24.0,2.0,3.0,8.0,1.0,1.0,25.0,61.4,2015,REG,0.0,0.0,Busch,Jon,CHI,CHI,Busch,Jon,GK,CHI,85000.0,90000.0,2015-07-15
466,Brian Sylvestre,PHI,GK,12.0,12.0,1080.0,50.0,30.0,19.0,1.58,5.0,6.0,1.0,5.0,41.7,60.0,2015,REG,1.0,2.0,Sylvestre,Brian,PHI,PHI,Sylvestre,Brian,GK,PHI,60000.0,60000.0,2015-07-15
467,John McCarthy,PHI,GK,11.0,11.0,990.0,41.0,22.0,18.0,1.64,3.0,5.0,3.0,2.0,27.3,53.7,2015,REG,2.0,2.0,McCarthy,John,PHI,PHI,McCarthy,John,GK,PHI,50000.0,56250.0,2015-07-15
468,Jesse Gonzalez,DAL,GK,11.0,11.0,990.0,47.0,37.0,10.0,0.91,7.0,3.0,1.0,5.0,63.6,78.7,2015,REG,2.0,4.0,Gonzalez,Jesse,DAL,DAL,Gonzalez,Jesse,GK,DAL,60000.0,69375.0,2015-07-15
469,Jeff Attinella,POR,GK,10.0,10.0,900.0,64.0,40.0,24.0,2.4,3.0,6.0,1.0,1.0,30.0,62.5,2015,REG,2.0,2.0,Attinella,Jeff,POR,RSL,Attinella,Jeff,GK,RSL,60000.0,65083.0,2015-07-15
470,Andrew Dykstra,SKC,GK,9.0,9.0,778.0,57.0,40.0,16.0,1.78,3.0,4.0,1.0,0.0,33.3,70.2,2015,REG,0.0,1.0,Dykstra,Andrew,KC,DC,Dykstra,Andrew,GK,DC,60000.0,60000.0,2015-07-15
472,Chris Seitz,HOU,GK,7.0,7.0,630.0,27.0,17.0,10.0,1.43,4.0,2.0,1.0,3.0,57.1,63.0,2015,REG,0.0,1.0,Seitz,Chris,HOU,DAL,Seitz,Chris,GK,DAL,130000.0,130000.0,2015-07-15
473,Brian Rowe,VAN,GK,7.0,7.0,630.0,22.0,13.0,9.0,1.29,3.0,3.0,1.0,2.0,42.9,59.1,2015,REG,0.0,0.0,Rowe,Brian,VAN,LA,Rowe,Brian,GK,LA,60000.0,60000.0,2015-07-15
474,Andre Blake,PHI,GK,6.0,6.0,540.0,34.0,26.0,9.0,1.5,2.0,3.0,1.0,2.0,33.3,76.5,2015,REG,1.0,1.0,Blake,Andre,PHI,PHI,Blake,Andre,GK,PHI,85000.0,123000.0,2015-07-15
476,Troy Perkins,SEA,GK,4.0,3.0,316.0,15.0,12.0,3.0,1.0,1.0,3.0,0.0,0.0,25.0,80.0,2015,REG,0.0,0.0,Perkins,Troy,SEA,SEA,Perkins,Troy,GK,SEA,130000.0,136663.0,2015-07-15
477,Eric Kronberg,MTL,GK,3.0,3.0,270.0,11.0,6.0,5.0,1.67,0.0,1.0,2.0,0.0,0.0,54.5,2015,REG,0.0,0.0,Kronberg,Eric,MTL,MTL,Kronberg,Eric,GK,MTL,132000.0,132000.0,2015-07-15
478,Brad Knighton,NE,GK,3.0,3.0,270.0,16.0,9.0,6.0,2.0,1.0,1.0,1.0,1.0,33.3,56.3,2015,REG,2.0,2.0,Knighton,Brad,NE,NE,Knighton,Brad,GK,NE,82005.0,82005.0,2015-07-15
479,Joe Willis,HOU,GK,3.0,3.0,270.0,10.0,5.0,5.0,1.67,1.0,1.0,1.0,0.0,33.3,50.0,2015,REG,0.0,0.0,Willis,Joe,HOU,HOU,Willis,Joe,GK,HOU,90000.0,90000.0,2015-07-15
481,Zac MacMath,COL,GK,3.0,3.0,270.0,12.0,6.0,5.0,1.67,1.0,2.0,0.0,1.0,33.3,50.0,2015,REG,0.0,0.0,MacMath,Zac,COL,COL,MacMath,Zac,GK,COL,130000.0,130000.0,2015-07-15
482,Josh Ford,ORL,GK,2.0,1.0,96.0,6.0,5.0,1.0,1.0,0.0,1.0,0.0,0.0,0.0,83.3,2015,REG,1.0,1.0,Ford,Josh,ORL,ORL,Ford,Josh,GK,ORL,60000.0,60000.0,2015-07-15
483,Travis Worra,DC,GK,1.0,0.0,32.0,1.0,1.0,0.0,0.0,1.0,0.0,0.0,0.0,100.0,100.0,2015,REG,0.0,0.0,Worra,Travis,DC,DC,Worra,Travis,GK,DC,50000.0,50000.0,2015-07-15
484,Alec Kann,ATL,GK,1.0,1.0,90.0,8.0,6.0,2.0,2.0,0.0,1.0,0.0,0.0,0.0,75.0,2015,REG,1.0,1.0,Kann,Alec,ATL,CHI,Kann,Alec,GK,CHI,60000.0,60000.0,2015-07-15
485,Ryan Meara,NY,GK,1.0,1.0,90.0,7.0,6.0,1.0,1.0,0.0,1.0,0.0,0.0,0.0,85.7,2015,REG,0.0,0.0,Meara,Ryan,NY,NYCFC,Meara,Ryan,GK,NYCFC,71663.0,72913.0,2015-07-15
486,Andrew Weber,POR,GK,1.0,1.0,90.0,7.0,4.0,3.0,3.0,0.0,1.0,0.0,0.0,0.0,57.1,2015,REG,0.0,0.0,Weber,Andrew,POR,POR,Weber,Andrew,GK,POR,60000.0,60000.0,2015-07-15
487,Kyle Reynish,NYR,GK,0.0,0.0,0.0,0.0,0.0,0.0,0.0,0.0,0.0,0.0,0.0,0.0,0.0,2015,REG,0.0,0.0,Reynish,Kyle,NY,NY,Reynish,Kyle,GK,NY,86000.0,90317.0,2015-07-15
489,Jake Gleeson,POR,GK,0.0,0.0,0.0,0.0,0.0,0.0,0.0,0.0,0.0,0.0,0.0,0.0,0.0,2015,REG,0.0,0.0,Gleeson,Jake,POR,POR,Gleeson,Jake,GK,POR,72600.0,72600.0,2015-07-15
490,Brian Perk,LA,GK,0.0,0.0,0.0,0.0,0.0,0.0,0.0,0.0,0.0,0.0,0.0,0.0,0.0,2015,REG,0.0,0.0,Perk,Brian,LA,LA,Perk,Brian,GK,LA,60000.0,60000.0,2015-07-15
491,Paolo Tornaghi,VAN,GK,0.0,0.0,0.0,0.0,0.0,0.0,0.0,0.0,0.0,0.0,0.0,0.0,0.0,2015,REG,0.0,0.0,Tornaghi,Paolo,VAN,VAN,Tornaghi,Paolo,GK,VAN,80000.0,80000.0,2015-07-15
493,Michael Lisch,HOU,GK,0.0,0.0,0.0,0.0,0.0,0.0,0.0,0.0,0.0,0.0,0.0,0.0,0.0,2015,REG,0.0,0.0,Lisch,Michael,HOU,HOU,Lisch,Michael,GK,HOU,60000.0,60000.0,2015-07-15
495,Brad Stuver,CLB,GK,0.0,0.0,0.0,0.0,0.0,0.0,0.0,0.0,0.0,0.0,0.0,0.0,0.0,2015,REG,0.0,0.0,Stuver,Brad,CLB,CLB,Stuver,Brad,GK,CLB,60000.0,60000.0,2015-07-15
496,Maxime Crepeau,MTL,GK,0.0,0.0,0.0,0.0,0.0,0.0,0.0,0.0,0.0,0.0,0.0,0.0,0.0,2015,REG,0.0,0.0,Crepeau,Maxime,MTL,MTL,Crepeau,Maxime,GK,MTL,60000.0,60000.0,2015-07-15
497,Eirik Johansen,NYC,GK,0.0,0.0,0.0,0.0,0.0,0.0,0.0,0.0,0.0,0.0,0.0,0.0,0.0,2015,REG,0.0,0.0,Johansen,Eirik,NYCFC,NYCFC,Johansen,Eirik,GK,NYCFC,50000.0,50000.0,2015-07-15
498,Bryan Meredith,SEA,GK,0.0,0.0,0.0,0.0,0.0,0.0,0.0,0.0,0.0,0.0,0.0,0.0,0.0,2015,REG,0.0,0.0,Meredith,Bryan,SEA,SJ,Meredith,Bryan,GK,SJ,60000.0,60000.0,2015-07-15
499,Matt Lampson,MIN,GK,0.0,0.0,0.0,0.0,0.0,0.0,0.0,0.0,0.0,0.0,0.0,0.0,0.0,2015,REG,0.0,0.0,Lampson,Matt,MIN,CLB,Lampson,Matt,GK,CLB,60000.0,60000.0,2015-07-15
500,Quillan Roberts,TOR,GK,0.0,0.0,0.0,0.0,0.0,0.0,0.0,0.0,0.0,0.0,0.0,0.0,0.0,2015,REG,0.0,0.0,Roberts,Quillan,TOR,TOR,Roberts,Quillan,GK,TOR,60000.0,60000.0,2015-07-15
503,Charlie Lyon,SEA,GK,0.0,0.0,0.0,0.0,0.0,0.0,0.0,0.0,0.0,0.0,0.0,0.0,0.0,2015,REG,0.0,0.0,Lyon,Charlie,SEA,SEA,Lyon,Charlie,GK,SEA,50000.0,50000.0,2015-07-15
504,Alex Bono,TOR,GK,0.0,0.0,0.0,0.0,0.0,0.0,0.0,0.0,0.0,0.0,0.0,0.0,0.0,2015,REG,0.0,0.0,Bono,Alex,TOR,TOR,Bono,Alex,GK,TOR,60000.0,80200.0,2015-07-15
505,Marco Carducci,VAN,GK,0.0,0.0,0.0,0.0,0.0,0.0,0.0,0.0,0.0,0.0,0.0,0.0,0.0,2015,REG,0.0,0.0,Carducci,Marco,VAN,VAN,Carducci,Marco,GK,VAN,60000.0,60000.0,2015-07-15
506,John Berner,COL,GK,0.0,0.0,0.0,0.0,0.0,0.0,0.0,0.0,0.0,0.0,0.0,0.0,0.0,2015,REG,0.0,0.0,Berner,John,COL,COL,Berner,John,GK,COL,60000.0,60000.0,2015-07-15
507,Trevor Spangenberg,NE,GK,0.0,0.0,0.0,0.0,0.0,0.0,0.0,0.0,0.0,0.0,0.0,0.0,0.0,2015,REG,0.0,0.0,Spangenberg,Trevor,NE,NE,Spangenberg,Trevor,GK,NE,50000.0,50000.0,2015-07-15
508,Andrew Wolverton,LA,GK,0.0,0.0,0.0,0.0,0.0,0.0,0.0,0.0,0.0,0.0,0.0,0.0,0.0,2015,REG,0.0,0.0,Wolverton,Andrew,LA,LA,Wolverton,Andrew,GK,LA,50000.0,50000.0,2015-07-15
509,Tomas Gomez,SJ,GK,0.0,0.0,0.0,0.0,0.0,0.0,0.0,0.0,0.0,0.0,0.0,0.0,0.0,2015,REG,0.0,0.0,Gomez,Tomas,SJ,SJ,Gomez,Tomas,GK,SJ,50000.0,50000.0,2015-07-15
510,David Bingham,LA,GK,34.0,34.0,3015.0,146.0,106.0,39.0,1.15,8.0,12.0,14.0,8.0,23.5,72.6,2016,REG,4.0,4.0,Bingham,David,LA,SJ,Bingham,David,GK,SJ,145000.0,152750.0,2016-05-15
511,Joe Bendik,OCS,GK,34.0,34.0,3060.0,178.0,114.0,60.0,1.76,9.0,11.0,14.0,5.0,26.5,64.0,2016,REG,4.0,7.0,Bendik,Joe,ORL,ORL,Bendik,Joe,GK,ORL,140000.0,147666.67,2016-05-15
512,Luis Robles,NY,GK,34.0,34.0,3060.0,143.0,100.0,44.0,1.29,16.0,9.0,9.0,11.0,47.1,69.9,2016,REG,3.0,4.0,Robles,Luis,NY,NY,Robles,Luis,GK,NYRB,265000.0,267500.0,2016-05-15
513,Evan Bush,MTL,GK,33.0,33.0,2931.0,155.0,101.0,50.0,1.52,11.0,11.0,11.0,6.0,33.3,65.2,2016,REG,4.0,5.0,Bush,Evan,MTL,MTL,Bush,Evan,GK,MTL,117500.0,117500.0,2016-05-15
514,David Ousted,DC,GK,33.0,33.0,2970.0,166.0,110.0,52.0,1.58,10.0,15.0,8.0,6.0,30.3,66.3,2016,REG,6.0,8.0,Ousted,David,DC,VAN,Ousted,David,GK,VAN,360000.0,378933.33,2016-05-15
515,Josh Saunders,NYC,GK,33.0,33.0,2970.0,158.0,98.0,56.0,1.7,14.0,10.0,9.0,8.0,42.4,62.0,2016,REG,5.0,6.0,Saunders,Josh,NYCFC,NYCFC,Saunders,Josh,GK,NYCFC,150000.0,150000.0,2016-05-15
516,Stefan Frei,SEA,GK,33.0,33.0,2970.0,137.0,91.0,41.0,1.24,14.0,13.0,6.0,8.0,42.4,66.4,2016,REG,6.0,8.0,Frei,Stefan,SEA,SEA,Frei,Stefan,GK,SEA,200000.0,206250.0,2016-05-15
517,Steve Clark,DC,GK,32.0,32.0,2880.0,161.0,112.0,51.0,1.59,8.0,12.0,12.0,8.0,25.0,69.6,2016,REG,4.0,5.0,Clark,Steve,DC,CLB,Clark,Steve,GK,CLB,220000.0,238333.33,2016-05-15
518,Andre Blake,PHI,GK,32.0,32.0,2880.0,150.0,99.0,50.0,1.56,10.0,13.0,9.0,6.0,31.3,66.0,2016,REG,0.0,1.0,Blake,Andre,PHI,PHI,Blake,Andre,GK,PHI,100000.0,138000.0,2016-05-15
519,Brian Rowe,VAN,GK,31.0,30.0,2765.0,148.0,113.0,33.0,1.1,12.0,5.0,14.0,9.0,38.7,76.4,2016,REG,2.0,3.0,Rowe,Brian,VAN,LA,Rowe,Brian,GK,LA,80000.0,80000.0,2016-05-15
520,Nick Rimando,RSL,GK,30.0,30.0,2700.0,137.0,91.0,40.0,1.33,11.0,9.0,10.0,6.0,36.7,66.4,2016,REG,3.0,5.0,Rimando,Nick,RSL,RSL,Rimando,Nick,GK,RSL,400000.0,420000.0,2016-05-15
521,Jake Gleeson,POR,GK,28.0,27.0,2470.0,160.0,118.0,40.0,1.48,11.0,11.0,6.0,6.0,39.3,73.8,2016,REG,6.0,6.0,Gleeson,Jake,POR,POR,Gleeson,Jake,GK,POR,91556.0,96722.67,2016-05-15
522,Chris Seitz,HOU,GK,28.0,28.0,2520.0,95.0,63.0,29.0,1.04,14.0,5.0,9.0,10.0,50.0,66.3,2016,REG,3.0,4.0,Seitz,Chris,HOU,DAL,Seitz,Chris,GK,DAL,136000.0,136000.0,2016-05-15
523,Tim Melia,SKC,GK,27.0,27.0,2430.0,95.0,66.0,30.0,1.11,11.0,11.0,5.0,8.0,40.7,69.5,2016,REG,3.0,4.0,Melia,Tim,KC,KC,Melia,Tim,GK,KC,150000.0,152500.0,2016-05-15
524,Joe Willis,HOU,GK,26.0,24.0,2275.0,129.0,89.0,39.0,1.63,5.0,12.0,9.0,5.0,19.2,69.0,2016,REG,5.0,6.0,Willis,Joe,HOU,HOU,Willis,Joe,GK,HOU,94500.0,94500.0,2016-05-15
525,Sean Johnson,NYC,GK,22.0,22.0,1980.0,106.0,68.0,37.0,1.68,6.0,10.0,6.0,5.0,27.3,64.2,2016,REG,1.0,1.0,Johnson,Sean,NYCFC,CHI,Johnson,Sean,GK,CHI,250000.0,253000.0,2016-05-15
527,Bill Hamid,DC,GK,20.0,20.0,1800.0,93.0,68.0,25.0,1.25,8.0,3.0,9.0,5.0,40.0,73.1,2016,REG,3.0,3.0,Hamid,Bill,DC,DC,Hamid,Bill,GK,DC,325000.0,370500.0,2016-05-15
528,Clint Irwin,TOR,GK,19.0,19.0,1690.0,76.0,50.0,23.0,1.21,6.0,6.0,6.0,6.0,31.6,65.8,2016,REG,2.0,2.0,Irwin,Clint,TOR,TOR,Irwin,Clint,GK,TOR,95000.0,107000.0,2016-05-15
529,Tim Howard,COL,GK,17.0,17.0,1530.0,73.0,54.0,19.0,1.12,6.0,3.0,8.0,7.0,35.3,74.0,2016,REG,4.0,7.0,Howard,Tim,COL,COL,Howard,Tim,GK,COL,2100000.0,2575000.0,2016-05-15
530,Zac MacMath,COL,GK,17.0,17.0,1530.0,57.0,39.0,13.0,0.76,9.0,3.0,5.0,6.0,52.9,68.4,2016,REG,0.0,1.0,MacMath,Zac,COL,COL,MacMath,Zac,GK,COL,140000.0,140000.0,2016-05-15
531,Alex Bono,TOR,GK,16.0,15.0,1370.0,60.0,42.0,16.0,1.07,8.0,3.0,5.0,4.0,50.0,70.0,2016,REG,1.0,1.0,Bono,Alex,TOR,TOR,Bono,Alex,GK,TOR,65000.0,85200.0,2016-05-15
532,Brad Knighton,NE,GK,13.0,13.0,1153.0,49.0,31.0,16.0,1.23,6.0,5.0,1.0,2.0,46.2,63.3,2016,REG,3.0,3.0,Knighton,Brad,NE,NE,Knighton,Brad,GK,NE,86105.0,86105.25,2016-05-15
533,Travis Worra,DC,GK,13.0,13.0,1170.0,52.0,34.0,18.0,1.38,3.0,6.0,4.0,4.0,23.1,65.4,2016,REG,0.0,0.0,Worra,Travis,DC,DC,Worra,Travis,GK,DC,53472.0,53472.0,2016-05-15
534,Matt Lampson,MIN,GK,11.0,11.0,990.0,76.0,55.0,18.0,1.64,1.0,6.0,4.0,3.0,9.1,72.4,2016,REG,1.0,1.0,Lampson,Matt,MIN,CHI,Lampson,Matt,GK,CHI,71250.0,76625.0,2016-05-15
535,Tyler Deric,HOU,GK,10.0,10.0,772.0,37.0,31.0,6.0,0.6,2.0,2.0,4.0,4.0,20.0,83.8,2016,REG,0.0,0.0,Deric,Tyler,HOU,HOU,Deric,Tyler,GK,HOU,170000.0,170000.0,2016-05-15
536,Adam Kwarasey,POR,GK,7.0,7.0,590.0,31.0,19.0,13.0,1.86,1.0,3.0,2.0,0.0,14.3,61.3,2016,REG,1.0,1.0,Kwarasey,Adam,POR,POR,Kwarasey,Adam,GK,POR,335000.0,335000.0,2016-05-15
537,Alec Kann,ATL,GK,7.0,7.0,630.0,28.0,17.0,11.0,1.57,2.0,2.0,3.0,2.0,28.6,60.7,2016,REG,0.0,0.0,Kann,Alec,ATL,KC,Kann,Alec,GK,KC,63000.0,63000.0,2016-05-15
538,Jesse Gonzalez,DAL,GK,6.0,6.0,540.0,22.0,12.0,11.0,1.83,3.0,3.0,0.0,2.0,50.0,54.5,2016,REG,0.0,0.0,Gonzalez,Jesse,DAL,DAL,Gonzalez,Jesse,GK,DAL,67500.0,76875.0,2016-05-15
539,Jeff Attinella,POR,GK,4.0,4.0,360.0,13.0,8.0,6.0,1.5,1.0,3.0,0.0,0.0,25.0,61.5,2016,REG,1.0,1.0,Attinella,Jeff,POR,RSL,Attinella,Jeff,GK,RSL,90000.0,95083.33,2016-05-15
540,Dan Kennedy,LA,GK,3.0,2.0,115.0,7.0,4.0,3.0,1.5,0.0,0.0,1.0,0.0,0.0,57.1,2016,REG,0.0,0.0,Kennedy,Dan,LA,LA,Kennedy,Dan,GK,LA,180000.0,195400.0,2016-05-15
541,Eric Kronberg,MTL,GK,2.0,1.0,128.0,5.0,2.0,3.0,3.0,0.0,0.0,1.0,0.0,0.0,40.0,2016,REG,1.0,1.0,Kronberg,Eric,MTL,MTL,Kronberg,Eric,GK,MTL,145200.0,145200.0,2016-05-15
542,Clement Diop,MTL,GK,2.0,2.0,180.0,15.0,11.0,3.0,1.5,0.0,1.0,1.0,0.0,0.0,73.3,2016,REG,1.0,1.0,Diop,Clement,MTL,LA,Diop,Clement,GK,LA,62500.0,62500.0,2016-05-15
543,Brad Stuver,CLB,GK,2.0,2.0,180.0,15.0,8.0,7.0,3.5,0.0,2.0,0.0,0.0,0.0,53.3,2016,REG,0.0,1.0,Stuver,Brad,CLB,CLB,Stuver,Brad,GK,CLB,63000.0,63000.0,2016-05-15
544,Andrew Tarbell,SJ,GK,1.0,0.0,45.0,2.0,1.0,1.0,1.0,0.0,0.0,0.0,0.0,0.0,50.0,2016,REG,1.0,1.0,Tarbell,Andrew,SJ,SJ,Tarbell,Andrew,GK,SJ,70000.0,84000.0,2016-05-15
545,Patrick McLain,CHI,GK,1.0,1.0,90.0,6.0,3.0,3.0,3.0,0.0,1.0,0.0,0.0,0.0,50.0,2016,REG,1.0,1.0,McLain,Patrick,CHI,CHI,McLain,Patrick,GK,CHI,72500.0,72500.0,2016-05-15
546,John McCarthy,PHI,GK,1.0,1.0,90.0,5.0,3.0,3.0,3.0,0.0,1.0,0.0,0.0,0.0,60.0,2016,REG,0.0,0.0,McCarthy,John,PHI,PHI,McCarthy,John,GK,PHI,79000.0,85250.0,2016-05-15
547,Matt Jones,PHI,GK,1.0,1.0,90.0,5.0,2.0,2.0,2.0,1.0,0.0,0.0,0.0,100.0,40.0,2016,REG,0.0,0.0,Jones,Matt,PHI,PHI,Jones,Matt,GK,PHI,75000.0,80625.0,2016-05-15
548,Tyler Miller,LFC,GK,1.0,1.0,90.0,4.0,2.0,2.0,2.0,0.0,1.0,0.0,0.0,0.0,50.0,2016,REG,0.0,0.0,Miller,Tyler,LAFC,SEA,Miller,Tyler,GK,SEA,62508.0,62508.0,2016-05-15
550,Eirik Johansen,NYC,GK,1.0,1.0,90.0,6.0,5.0,1.0,1.0,1.0,0.0,0.0,0.0,100.0,83.3,2016,REG,0.0,0.0,Johansen,Eirik,NYCFC,NYCFC,Johansen,Eirik,GK,NYCFC,62500.0,62500.0,2016-05-15
551,Paolo Tornaghi,VAN,GK,1.0,1.0,90.0,6.0,6.0,0.0,0.0,0.0,0.0,1.0,1.0,0.0,100.0,2016,REG,0.0,0.0,Tornaghi,Paolo,VAN,VAN,Tornaghi,Paolo,GK,VAN,62500.0,62500.0,2016-05-15
552,Andrew Dykstra,SKC,GK,1.0,1.0,90.0,7.0,3.0,4.0,4.0,0.0,1.0,0.0,0.0,0.0,42.9,2016,REG,1.0,1.0,Dykstra,Andrew,KC,DC,Dykstra,Andrew,GK,DC,75000.0,85700.0,2016-05-15
553,Chris Konopka,POR,GK,0.0,0.0,0.0,0.0,0.0,0.0,0.0,0.0,0.0,0.0,0.0,0.0,0.0,2016,REG,0.0,0.0,Konopka,Chris,POR,POR,Konopka,Chris,GK,POR,62500.0,64999.96,2016-09-15
554,Tally Hall,DC,GK,0.0,0.0,0.0,0.0,0.0,0.0,0.0,0.0,0.0,0.0,0.0,0.0,0.0,2016,REG,0.0,0.0,Hall,Tally,DC,DC,Hall,Tally,GK,DC,75000.0,153750.0,2016-05-15
555,Kyle Reynish,NY,GK,0.0,0.0,0.0,0.0,0.0,0.0,0.0,0.0,0.0,0.0,0.0,0.0,0.0,2016,REG,0.0,0.0,Reynish,Kyle,NY,NY,Reynish,Kyle,GK,NYRB,62500.0,62500.0,2016-05-15
556,Bryan Meredith,SEA,GK,0.0,0.0,0.0,0.0,0.0,0.0,0.0,0.0,0.0,0.0,0.0,0.0,0.0,2016,REG,0.0,0.0,Meredith,Bryan,SEA,SJ,Meredith,Bryan,GK,SJ,63000.0,63000.0,2016-05-15
557,Ryan Meara,NY,GK,0.0,0.0,0.0,0.0,0.0,0.0,0.0,0.0,0.0,0.0,0.0,0.0,0.0,2016,REG,0.0,0.0,Meara,Ryan,NY,NY,Meara,Ryan,GK,NYRB,75246.0,76496.15,2016-05-15
558,Quillan Roberts,TOR,GK,0.0,0.0,0.0,0.0,0.0,0.0,0.0,0.0,0.0,0.0,0.0,0.0,0.0,2016,REG,0.0,0.0,Roberts,Quillan,TOR,TOR,Roberts,Quillan,GK,TOR,63000.0,63000.0,2016-05-15
561,Zack Steffen,CLB,GK,0.0,0.0,0.0,0.0,0.0,0.0,0.0,0.0,0.0,0.0,0.0,0.0,0.0,2016,REG,0.0,0.0,Steffen,Zack,CLB,CLB,Steffen,Zack,GK,CLB,100008.0,100008.0,2016-09-15
562,Charlie Horton,DC,GK,0.0,0.0,0.0,0.0,0.0,0.0,0.0,0.0,0.0,0.0,0.0,0.0,0.0,2016,REG,0.0,0.0,Horton,Charlie,DC,DC,Horton,Charlie,GK,DC,70000.0,76166.63,2016-05-15
563,Ryan Herman,DAL,GK,0.0,0.0,0.0,0.0,0.0,0.0,0.0,0.0,0.0,0.0,0.0,0.0,0.0,2016,REG,0.0,0.0,Herman,Ryan,DAL,DAL,Herman,Ryan,GK,DAL,62508.0,62508.0,2016-05-15
564,Marco Carducci,VAN,GK,0.0,0.0,0.0,0.0,0.0,0.0,0.0,0.0,0.0,0.0,0.0,0.0,0.0,2016,REG,0.0,0.0,Carducci,Marco,VAN,VAN,Carducci,Marco,GK,VAN,63000.0,63000.0,2016-05-15
565,John Berner,COL,GK,0.0,0.0,0.0,0.0,0.0,0.0,0.0,0.0,0.0,0.0,0.0,0.0,0.0,2016,REG,0.0,0.0,Berner,John,COL,COL,Berner,John,GK,COL,63000.0,63000.0,2016-05-15
567,Maxime Crepeau,MTL,GK,0.0,0.0,0.0,0.0,0.0,0.0,0.0,0.0,0.0,0.0,0.0,0.0,0.0,2016,REG,0.0,0.0,Crepeau,Maxime,MTL,MTL,Crepeau,Maxime,GK,MTL,52500.0,52500.0,2016-05-15
568,Chris Froschauer,COL,GK,0.0,0.0,0.0,0.0,0.0,0.0,0.0,0.0,0.0,0.0,0.0,0.0,0.0,2016,REG,0.0,0.0,Froschauer,Chris,COL,COL,Froschauer,Chris,GK,COL,51500.0,51500.04,2016-05-15
569,Matt Pacifici,CLB,GK,0.0,0.0,0.0,0.0,0.0,0.0,0.0,0.0,0.0,0.0,0.0,0.0,0.0,2016,REG,0.0,0.0,Pacifici,Matt,CLB,CLB,Pacifici,Matt,GK,CLB,51500.0,51499.92,2016-05-15
570,Andre Rawls,NYC,GK,0.0,0.0,0.0,0.0,0.0,0.0,0.0,0.0,0.0,0.0,0.0,0.0,0.0,2016,REG,0.0,0.0,Rawls,Andre,NYCFC,NYCFC,Rawls,Andre,GK,NYCFC,62508.0,62508.0,2016-05-15
571,Matt Turner,NE,GK,0.0,0.0,0.0,0.0,0.0,0.0,0.0,0.0,0.0,0.0,0.0,0.0,0.0,2016,REG,0.0,0.0,Turner,Matt,NE,NE,Turner,Matt,GK,NE,51500.0,51500.04,2016-05-15
572,Charlie Lyon,SEA,GK,0.0,0.0,0.0,0.0,0.0,0.0,0.0,0.0,0.0,0.0,0.0,0.0,0.0,2016,REG,0.0,0.0,Lyon,Charlie,SEA,SEA,Lyon,Charlie,GK,SEA,52500.0,52500.0,2016-05-15
573,Calle Brown,HOU,GK,0.0,0.0,0.0,0.0,0.0,0.0,0.0,0.0,0.0,0.0,0.0,0.0,0.0,2016,REG,0.0,0.0,Brown,Calle,HOU,HOU,Brown,Calle,GK,HOU,51500.0,51500.0,2016-05-15
574,Wade Hamilton,POR,GK,0.0,0.0,0.0,0.0,0.0,0.0,0.0,0.0,0.0,0.0,0.0,0.0,0.0,2016,REG,0.0,0.0,Hamilton,Wade,POR,POR,Hamilton,Wade,GK,POR,51504.0,51504.0,2016-05-15
575,Mason Stajduhar,OCS,GK,0.0,0.0,0.0,0.0,0.0,0.0,0.0,0.0,0.0,0.0,0.0,0.0,0.0,2016,REG,0.0,0.0,Stajduhar,Mason,ORL,ORL,Stajduhar,Mason,GK,ORL,51500.0,51500.0,2016-05-15
576,Luis Robles,NY,GK,34.0,34.0,3060.0,149.0,99.0,47.0,1.38,14.0,12.0,8.0,10.0,41.2,66.4,2017,REG,8.0,9.0,Robles,Luis,NY,NY,Robles,Luis,GK,NYRB,290000.0,292500.0,2017-04-15
577,Zack Steffen,CLB,GK,34.0,34.0,3060.0,150.0,98.0,49.0,1.44,16.0,12.0,6.0,9.0,47.1,65.3,2017,REG,4.0,7.0,Steffen,Zack,CLB,CLB,Steffen,Zack,GK,CLB,105000.0,105000.0,2017-04-15
578,Bobby Shuttleworth,MIN,GK,33.0,32.0,2838.0,174.0,116.0,60.0,1.88,10.0,16.0,5.0,5.0,30.3,66.7,2017,REG,6.0,8.0,Shuttleworth,Bobby,MIN,MIN,Shuttleworth,Bobby,GK,MNUFC,155000.0,171875.0,2017-04-15
579,Stefan Frei,SEA,GK,33.0,33.0,2970.0,121.0,84.0,36.0,1.09,13.0,9.0,11.0,13.0,39.4,69.4,2017,REG,5.0,6.0,Frei,Stefan,SEA,SEA,Frei,Stefan,GK,SEA,250000.0,256250.0,2017-04-15
580,Joe Bendik,OCS,GK,33.0,33.0,2970.0,173.0,118.0,52.0,1.58,10.0,14.0,9.0,7.0,30.3,68.2,2017,REG,4.0,5.0,Bendik,Joe,ORL,ORL,Bendik,Joe,GK,ORL,165000.0,174083.4,2017-04-15
581,Sean Johnson,NYC,GK,32.0,32.0,2880.0,137.0,96.0,39.0,1.22,15.0,8.0,9.0,7.0,46.9,70.1,2017,REG,3.0,4.0,Johnson,Sean,NYCFC,NYCFC,Johnson,Sean,GK,NYCFC,220008.0,220008.0,2017-04-15
582,Tim Melia,SKC,GK,31.0,31.0,2759.0,116.0,91.0,24.0,0.77,12.0,7.0,11.0,10.0,38.7,78.4,2017,REG,2.0,5.0,Melia,Tim,KC,KC,Melia,Tim,GK,KC,165000.0,167500.0,2017-04-15
583,Evan Bush,MTL,GK,31.0,31.0,2790.0,136.0,84.0,50.0,1.61,11.0,14.0,6.0,5.0,35.5,61.8,2017,REG,3.0,3.0,Bush,Evan,MTL,MTL,Bush,Evan,GK,MTL,136750.0,136750.0,2017-04-15
584,Alex Bono,TOR,GK,29.0,28.0,2570.0,104.0,72.0,32.0,1.14,19.0,4.0,6.0,10.0,65.5,69.2,2017,REG,3.0,5.0,Bono,Alex,TOR,TOR,Bono,Alex,GK,TOR,70000.0,90200.0,2017-04-15
585,Jesse Gonzalez,DAL,GK,29.0,29.0,2610.0,118.0,75.0,40.0,1.38,8.0,8.0,13.0,9.0,27.6,63.6,2017,REG,1.0,1.0,Gonzalez,Jesse,DAL,DAL,Gonzalez,Jesse,GK,DAL,85000.0,94375.0,2017-04-15
586,David Ousted,DC,GK,28.0,28.0,2453.0,132.0,90.0,39.0,1.39,13.0,8.0,6.0,6.0,46.4,68.2,2017,REG,4.0,4.0,Ousted,David,DC,VAN,Ousted,David,GK,VAN,360000.0,378933.33,2017-04-15
587,Nick Rimando,RSL,GK,28.0,28.0,2488.0,110.0,73.0,33.0,1.18,13.0,10.0,5.0,8.0,46.4,66.4,2017,REG,1.0,3.0,Rimando,Nick,RSL,RSL,Rimando,Nick,GK,RSL,450000.0,470000.0,2017-04-15
589,Tyler Deric,HOU,GK,26.0,26.0,2340.0,109.0,76.0,31.0,1.19,10.0,6.0,10.0,6.0,38.5,69.7,2017,REG,2.0,2.0,Deric,Tyler,HOU,HOU,Deric,Tyler,GK,HOU,185000.0,185000.0,2017-04-15
590,Andre Blake,PHI,GK,26.0,26.0,2340.0,125.0,88.0,34.0,1.31,9.0,10.0,7.0,9.0,34.6,70.4,2017,REG,4.0,5.0,Blake,Andre,PHI,PHI,Blake,Andre,GK,PHI,148500.0,186500.0,2017-04-15
591,Tim Howard,COL,GK,25.0,25.0,2250.0,126.0,84.0,39.0,1.56,7.0,14.0,4.0,5.0,28.0,66.7,2017,REG,5.0,6.0,Howard,Tim,COL,COL,Howard,Tim,GK,COL,2000000.0,2475000.0,2017-04-15
592,Bill Hamid,DC,GK,24.0,24.0,2160.0,132.0,98.0,35.0,1.46,8.0,12.0,4.0,6.0,33.3,74.2,2017,REG,3.0,4.0,Hamid,Bill,DC,DC,Hamid,Bill,GK,DC,350000.0,395500.0,2017-04-15
593,Matt Lampson,MIN,GK,24.0,24.0,2160.0,91.0,58.0,31.0,1.29,12.0,7.0,5.0,8.0,50.0,63.7,2017,REG,3.0,3.0,Lampson,Matt,MIN,CHI,Lampson,Matt,GK,CHI,76000.0,81375.0,2017-04-15
594,David Bingham,LA,GK,23.0,23.0,2070.0,94.0,58.0,35.0,1.52,9.0,9.0,5.0,7.0,39.1,61.7,2017,REG,2.0,2.0,Bingham,David,LA,SJ,Bingham,David,GK,SJ,190000.0,197750.0,2017-04-15
595,Jake Gleeson,POR,GK,21.0,21.0,1818.0,83.0,52.0,30.0,1.43,8.0,6.0,6.0,3.0,38.1,62.7,2017,REG,3.0,3.0,Gleeson,Jake,POR,POR,Gleeson,Jake,GK,POR,110000.0,115166.67,2017-04-15
596,Alec Kann,ATL,GK,18.0,18.0,1620.0,83.0,56.0,25.0,1.39,8.0,7.0,3.0,4.0,44.4,67.5,2017,REG,4.0,4.0,Kann,Alec,ATL,ATL,Kann,Alec,GK,ATL,77004.0,77004.0,2017-09-15
597,Alec Kann,ATL,GK,18.0,18.0,1620.0,83.0,56.0,25.0,1.39,8.0,7.0,3.0,4.0,44.4,67.5,2017,REG,4.0,4.0,Kann,Alec,ATL,KC,Kann,Alec,GK,KC,77004.0,77004.0,2017-04-15
598,Clement Diop,MTL,GK,15.0,15.0,1331.0,89.0,54.0,31.0,2.07,4.0,8.0,3.0,2.0,26.7,60.7,2017,REG,1.0,1.0,Diop,Clement,MTL,LA,Diop,Clement,GK,LA,65625.0,65625.0,2017-04-15
599,Brian Rowe,VAN,GK,14.0,12.0,1157.0,60.0,35.0,23.0,1.92,3.0,6.0,4.0,2.0,21.4,58.3,2017,REG,2.0,2.0,Rowe,Brian,VAN,LA,Rowe,Brian,GK,LA,120000.0,120000.0,2017-04-15
600,Jeff Attinella,POR,GK,14.0,13.0,1242.0,64.0,45.0,20.0,1.54,7.0,5.0,2.0,4.0,50.0,70.3,2017,REG,0.0,1.0,Attinella,Jeff,POR,POR,Attinella,Jeff,GK,POR,100000.0,105083.33,2017-04-15
601,Brad Guzan,ATL,GK,14.0,14.0,1260.0,47.0,38.0,10.0,0.71,6.0,1.0,7.0,8.0,42.9,80.9,2017,REG,1.0,1.0,Guzan,Brad,ATL,ATL,Guzan,Brad,GK,ATL,340008.0,400008.0,2017-09-15
602,Andrew Tarbell,SJ,GK,11.0,11.0,990.0,65.0,40.0,25.0,2.27,4.0,5.0,2.0,2.0,36.4,61.5,2017,REG,0.0,1.0,Tarbell,Andrew,SJ,SJ,Tarbell,Andrew,GK,SJ,80000.0,94000.0,2017-04-15
603,Zac MacMath,COL,GK,9.0,9.0,810.0,40.0,27.0,12.0,1.33,2.0,5.0,2.0,1.0,22.2,67.5,2017,REG,2.0,2.0,MacMath,Zac,COL,COL,MacMath,Zac,GK,COL,150000.0,150000.0,2017-04-15
604,Joe Willis,HOU,GK,8.0,8.0,720.0,31.0,17.0,14.0,1.75,3.0,4.0,1.0,2.0,37.5,54.8,2017,REG,1.0,1.0,Willis,Joe,HOU,HOU,Willis,Joe,GK,HOU,106312.5,106312.5,2017-04-15
605,Jorge Rodrigo Bava,CHI,GK,8.0,8.0,720.0,31.0,20.0,12.0,1.5,3.0,3.0,2.0,3.0,37.5,64.5,2017,REG,0.0,0.0,Rodrigo Bava,Jorge,CHI,CHI,Bava,Jorge Rodrigo,GK,CHI,240000.0,267133.34,2017-09-15
606,Jorge Rodrigo Bava,CHI,GK,8.0,8.0,720.0,31.0,20.0,12.0,1.5,3.0,3.0,2.0,3.0,37.5,64.5,2017,REG,0.0,0.0,Rodrigo Bava,Jorge,CHI,CHI,Rodrigo Bava,Jorge,GK,CHI,240000.0,267133.34,2017-04-15
607,John McCarthy,PHI,GK,8.0,8.0,720.0,49.0,34.0,13.0,1.63,2.0,4.0,2.0,1.0,25.0,69.4,2017,REG,2.0,2.0,McCarthy,John,PHI,PHI,McCarthy,John,GK,PHI,86500.0,95750.0,2017-04-15
609,Matt Van Oekel,RSL,GK,7.0,6.0,572.0,47.0,25.0,22.0,3.67,0.0,5.0,1.0,1.0,0.0,53.2,2017,REG,1.0,1.0,Van Oekel,Matt,RSL,RSL,Van Oekel,Matt,GK,RSL,96000.0,96000.0,2017-04-15
610,Clint Irwin,TOR,GK,6.0,6.0,490.0,18.0,13.0,5.0,0.83,1.0,1.0,3.0,2.0,16.7,72.2,2017,REG,0.0,1.0,Irwin,Clint,TOR,TOR,Irwin,Clint,GK,TOR,200004.0,211316.7,2017-04-15
611,Brad Knighton,NE,GK,6.0,6.0,540.0,31.0,20.0,11.0,1.83,3.0,1.0,2.0,1.0,50.0,64.5,2017,REG,1.0,1.0,Knighton,Brad,NE,NE,Knighton,Brad,GK,NE,100910.25,100910.25,2017-04-15
612,Chris Seitz,HOU,GK,5.0,5.0,450.0,20.0,12.0,8.0,1.6,3.0,2.0,0.0,0.0,60.0,60.0,2017,REG,2.0,3.0,Seitz,Chris,HOU,DAL,Seitz,Chris,GK,DAL,153000.0,153000.0,2017-04-15
613,Stefan Marinovic,VAN,GK,5.0,5.0,450.0,27.0,21.0,5.0,1.0,2.0,2.0,1.0,1.0,40.0,77.8,2017,REG,0.0,1.0,Marinovic,Stefan,VAN,VAN,Marinovic,Stefan,GK,VAN,65000.04,77562.54,2017-09-15
615,Travis Worra,DC,GK,5.0,5.0,450.0,26.0,11.0,14.0,2.8,0.0,5.0,0.0,0.0,0.0,42.3,2017,REG,0.0,0.0,Worra,Travis,DC,DC,Worra,Travis,GK,DC,65625.0,65625.0,2017-04-15
616,Andrew Dykstra,SKC,GK,4.0,3.0,301.0,14.0,10.0,5.0,1.67,0.0,2.0,2.0,1.0,0.0,71.4,2017,REG,0.0,0.0,Dykstra,Andrew,KC,KC,Dykstra,Andrew,GK,KC,80004.0,87654.51,2017-04-15
617,John Alvbage,MIN,GK,3.0,2.0,222.0,15.0,5.0,10.0,5.0,0.0,2.0,1.0,0.0,0.0,33.3,2017,REG,1.0,1.0,Alvbage,John,MIN,MIN,Alvbage,John,GK,MNUFC,229998.0,247748.0,2017-04-15
618,Maxime Crepeau,MTL,GK,3.0,3.0,270.0,19.0,10.0,8.0,2.67,0.0,3.0,0.0,0.0,0.0,52.6,2017,REG,1.0,2.0,Crepeau,Maxime,MTL,MTL,Crepeau,Maxime,GK,MTL,75000.0,79083.33,2017-04-15
619,Kyle Reynish,ATL,GK,2.0,2.0,150.0,5.0,2.0,3.0,1.5,1.0,0.0,0.0,0.0,50.0,40.0,2017,REG,0.0,0.0,Reynish,Kyle,ATL,ATL,Reynish,Kyle,GK,ATL,65004.0,65004.0,2017-04-15
621,Eirik Johansen,NYC,GK,2.0,2.0,180.0,7.0,3.0,4.0,2.0,1.0,1.0,0.0,0.0,50.0,42.9,2017,REG,0.0,0.0,Johansen,Eirik,NYCFC,NYCFC,Johansen,Eirik,GK,NYCFC,65625.0,65625.0,2017-04-15
622,Alexander Tambakis,ATL,GK,1.0,0.0,28.0,3.0,1.0,2.0,2.0,0.0,1.0,0.0,0.0,0.0,33.3,2017,REG,0.0,0.0,Tambakis,Alexander,ATL,ATL,Tambakis,Alexander,GK,ATL,65004.0,65004.0,2017-04-15
623,Paolo Tornaghi,VAN,GK,1.0,0.0,65.0,7.0,4.0,3.0,3.0,0.0,1.0,0.0,0.0,0.0,57.1,2017,REG,0.0,0.0,Tornaghi,Paolo,VAN,VAN,Tornaghi,Paolo,GK,VAN,80000.0,80000.0,2017-04-15
625,Spencer Richey,VAN,GK,1.0,1.0,90.0,3.0,1.0,2.0,2.0,0.0,1.0,0.0,0.0,0.0,33.3,2017,REG,0.0,0.0,Richey,Spencer,VAN,VAN,Richey,Spencer,GK,VAN,65004.0,65004.0,2017-04-15
626,Tyler Miller,LFC,GK,1.0,1.0,90.0,8.0,5.0,3.0,3.0,1.0,0.0,0.0,0.0,100.0,62.5,2017,REG,0.0,0.0,Miller,Tyler,LAFC,SEA,Miller,Tyler,GK,SEA,65633.4,65633.4,2017-04-15
627,Matt Bersano,SJ,GK,0.0,0.0,0.0,0.0,0.0,0.0,0.0,0.0,0.0,0.0,0.0,0.0,0.0,2017,REG,0.0,0.0,Bersano,Matt,SJ,SJ,Bersano,Matt,GK,SJ,65004.0,65004.0,2017-04-15
628,John Berner,COL,GK,0.0,0.0,0.0,0.0,0.0,0.0,0.0,0.0,0.0,0.0,0.0,0.0,0.0,2017,REG,0.0,0.0,Berner,John,COL,COL,Berner,John,GK,COL,66150.0,66150.0,2017-04-15
629,Calle Brown,HOU,GK,0.0,0.0,0.0,0.0,0.0,0.0,0.0,0.0,0.0,0.0,0.0,0.0,0.0,2017,REG,0.0,0.0,Brown,Calle,HOU,HOU,Brown,Calle,GK,HOU,65000.0,65000.0,2017-04-15
631,Adrian Zendejas,SKC,GK,0.0,0.0,0.0,0.0,0.0,0.0,0.0,0.0,0.0,0.0,0.0,0.0,0.0,2017,REG,0.0,0.0,Zendejas,Adrian,KC,KC,Zendejas,Adrian,GK,KC,53000.0,53000.0,2017-04-15
632,Mason Stajduhar,OCS,GK,0.0,0.0,0.0,0.0,0.0,0.0,0.0,0.0,0.0,0.0,0.0,0.0,0.0,2017,REG,0.0,0.0,Stajduhar,Mason,ORL,ORL,Stajduhar,Mason,GK,ORL,53000.0,53000.0,2017-04-15
633,Connor Sparrow,RSL,GK,0.0,0.0,0.0,0.0,0.0,0.0,0.0,0.0,0.0,0.0,0.0,0.0,0.0,2017,REG,0.0,0.0,Sparrow,Connor,RSL,RSL,Sparrow,Connor,GK,RSL,53004.0,53004.0,2017-09-15
634,Andre Rawls,NYC,GK,0.0,0.0,0.0,0.0,0.0,0.0,0.0,0.0,0.0,0.0,0.0,0.0,0.0,2017,REG,0.0,0.0,Rawls,Andre,NYCFC,NYCFC,Rawls,Andre,GK,NYCFC,65633.4,65633.4,2017-04-15
635,Matt Turner,NE,GK,0.0,0.0,0.0,0.0,0.0,0.0,0.0,0.0,0.0,0.0,0.0,0.0,0.0,2017,REG,0.0,0.0,Turner,Matt,NE,NE,Turner,Matt,GK,NE,54075.0,54075.0,2017-04-15
636,Eduardo Cortes,DAL,GK,0.0,0.0,0.0,0.0,0.0,0.0,0.0,0.0,0.0,0.0,0.0,0.0,0.0,2017,REG,0.0,0.0,Cortes,Eduardo,DAL,DAL,Cortes,Eduardo,GK,DAL,65004.0,65004.0,2017-09-15
637,Evan Louro,NYR,GK,0.0,0.0,0.0,0.0,0.0,0.0,0.0,0.0,0.0,0.0,0.0,0.0,0.0,2017,REG,0.0,0.0,Louro,Evan,NY,NY,Louro,Evan,GK,NYRB,53004.0,53004.0,2017-09-15
638,Eric Klenofsky,DC,GK,0.0,0.0,0.0,0.0,0.0,0.0,0.0,0.0,0.0,0.0,0.0,0.0,0.0,2017,REG,0.0,0.0,Klenofsky,Eric,DC,DC,Klenofsky,Eric,GK,DC,53004.0,56754.0,2017-04-15
639,Stefan Cleveland,CHI,GK,0.0,0.0,0.0,0.0,0.0,0.0,0.0,0.0,0.0,0.0,0.0,0.0,0.0,2017,REG,0.0,0.0,Cleveland,Stefan,CHI,CHI,Cleveland,Stefan,GK,CHI,53004.0,53004.0,2017-04-15
640,Logan Ketterer,CLB,GK,0.0,0.0,0.0,0.0,0.0,0.0,0.0,0.0,0.0,0.0,0.0,0.0,0.0,2017,REG,0.0,0.0,Ketterer,Logan,CLB,CLB,Ketterer,Logan,GK,CLB,53004.0,53004.0,2017-04-15
641,Alex Kapp,MIN,GK,0.0,0.0,0.0,0.0,0.0,0.0,0.0,0.0,0.0,0.0,0.0,0.0,0.0,2017,REG,0.0,0.0,Kapp,Alex,MIN,MIN,Kapp,Alex,GK,MNUFC,53004.0,53004.0,2017-09-15
643,Brad Stuver,CLB,GK,0.0,0.0,0.0,0.0,0.0,0.0,0.0,0.0,0.0,0.0,0.0,0.0,0.0,2017,REG,0.0,0.0,Stuver,Brad,CLB,CLB,Stuver,Brad,GK,CLB,80004.0,80004.0,2017-04-15
645,Patrick McLain,MIN,GK,0.0,0.0,0.0,0.0,0.0,0.0,0.0,0.0,0.0,0.0,0.0,0.0,0.0,2017,REG,0.0,0.0,McLain,Patrick,MIN,MIN,McLain,Patrick,GK,MNUFC,80000.0,80000.0,2017-04-15
646,Mark Pais,TOR,GK,0.0,0.0,0.0,0.0,0.0,0.0,0.0,0.0,0.0,0.0,0.0,0.0,0.0,2017,REG,0.0,0.0,Pais,Mark,TOR,TOR,Pais,Mark,GK,TOR,65004.0,65004.0,2017-04-15
647,Kendall McIntosh,POR,GK,0.0,0.0,0.0,0.0,0.0,0.0,0.0,0.0,0.0,0.0,0.0,0.0,0.0,2017,REG,0.0,0.0,McIntosh,Kendall,POR,POR,McIntosh,Kendall,GK,POR,53000.0,53000.0,2017-04-15
648,Josh Saunders,ORL,GK,0.0,0.0,0.0,0.0,0.0,0.0,0.0,0.0,0.0,0.0,0.0,0.0,0.0,2017,REG,0.0,0.0,Saunders,Josh,ORL,ORL,Saunders,Josh,GK,ORL,150000.0,150000.0,2017-04-15
649,Eric Kronberg,MTL,GK,0.0,0.0,0.0,0.0,0.0,0.0,0.0,0.0,0.0,0.0,0.0,0.0,0.0,2017,REG,0.0,0.0,Kronberg,Eric,MTL,MTL,Kronberg,Eric,GK,MTL,99999.96,104999.96,2017-04-15
650,Bryan Meredith,SEA,GK,0.0,0.0,0.0,0.0,0.0,0.0,0.0,0.0,0.0,0.0,0.0,0.0,0.0,2017,REG,0.0,0.0,Meredith,Bryan,SEA,SEA,Meredith,Bryan,GK,SEA,66150.0,66150.0,2017-04-15
651,Ryan Meara,NY,GK,0.0,0.0,0.0,0.0,0.0,0.0,0.0,0.0,0.0,0.0,0.0,0.0,0.0,2017,REG,0.0,0.0,Meara,Ryan,NY,NY,Meara,Ryan,GK,NYRB,100008.0,105008.0,2017-04-15
