,Player,Club,POS,GP,GS,MINS,SHTS,SV,GA,GAA,W,L,T,ShO,W%,Sv%,Year,Season,PKG,PKA
0,Bouna Coundoul,COL,GK,30,30,2668,158,120,32,1.07,9,12,8,9,30.0,75.9,2007,REG,2,2
1,Kevin Hartman,KC ,GK,30,30,2700,159,110,45,1.5,11,12,7,5,36.7,69.2,2007,REG,6,7
2,Matt Reis,NE ,GK,30,30,2700,169,120,43,1.43,14,8,8,10,46.7,71.0,2007,REG,3,3
3,Joe Cannon,LA ,GK,29,29,2610,171,119,46,1.59,9,13,7,5,31.0,69.6,2007,REG,4,5
4,Troy Perkins,DC ,GK,29,29,2610,155,117,32,1.1,16,6,7,8,55.2,75.5,2007,REG,1,3
5,Pat Onstad,HOU,GK,27,27,2418,109,85,22,0.81,13,8,6,11,48.1,78.0,2007,REG,1,2
6,Nick Rimando,RSL,GK,27,27,2430,191,146,37,1.37,6,13,8,7,22.2,76.4,2007,REG,4,6
7,Matt Pickens,CHI,GK,27,27,2430,137,102,31,1.15,9,8,10,10,33.3,74.5,2007,REG,4,4
8,Brad Guzan,ATL,GK,27,27,2430,119,87,25,0.93,14,6,7,13,51.9,73.1,2007,REG,2,3
9,William Hesmer,CLB,GK,20,20,1800,99,71,29,1.45,8,7,5,5,40.0,71.7,2007,REG,2,3
10,Ronald Waterreus,NY ,GK,18,18,1557,89,59,31,1.72,6,6,5,5,33.3,66.3,2007,REG,3,3
11,Dario Sala,DAL,GK,18,18,1620,97,64,29,1.61,8,7,3,5,44.4,66.0,2007,REG,2,2
12,Jon Conway,NY ,GK,14,12,1142,79,57,14,1.17,6,5,2,4,42.9,72.2,2007,REG,1,2
13,Kenny Stamatopoulos,TOR,GK,12,12,1080,61,41,20,1.67,1,8,3,2,8.3,67.2,2007,REG,4,4
14,Andy Gruenebaum,CLB,GK,10,10,900,53,35,15,1.5,1,4,5,3,10.0,66.0,2007,REG,0,0
15,Srdjan Djekanovic,TOR,GK,8,7,635,34,22,9,1.29,2,3,2,2,25.0,64.7,2007,REG,1,1
16,Greg Sutton,TOR,GK,8,8,720,53,36,15,1.88,2,5,1,1,25.0,67.9,2007,REG,2,2
17,Shaka Hislop,DAL,GK,6,6,540,32,23,9,1.5,2,3,1,0,33.3,71.9,2007,REG,0,0
18,Ray Burse,DAL,GK,6,6,540,29,23,6,1.0,3,2,1,2,50.0,79.3,2007,REG,1,1
19,Zach Wells,HOU,GK,4,3,282,9,8,1,0.33,2,0,1,2,50.0,88.9,2007,REG,1,1
20,Preston Burpo,CHV,GK,3,3,270,16,13,3,1.0,1,1,1,1,33.3,81.3,2007,REG,0,0
21,Jon Busch,CHI,GK,3,3,270,20,15,5,1.67,1,2,0,1,33.3,75.0,2007,REG,2,2
22,Chris Seitz,HOU,GK,3,3,270,14,6,8,2.67,0,2,1,0,0.0,42.9,2007,REG,0,0
23,Sam Reynolds,TOR,GK,2,2,175,11,9,2,1.0,1,0,1,0,50.0,81.8,2007,REG,1,1
24,Zach Thornton,COL,GK,1,0,32,3,1,2,2.0,0,1,0,0,0.0,33.3,2007,REG,0,0
25,Jay Nolly,DC ,GK,1,1,90,9,7,2,2.0,0,1,0,0,0.0,77.8,2007,REG,0,0
26,Steve Cronin,LA ,GK,1,1,90,8,6,2,2.0,0,1,0,0,0.0,75.0,2007,REG,0,0
27,David Monsalve,TOR,GK,1,1,90,10,7,3,3.0,0,1,0,0,0.0,70.0,2007,REG,0,0
28,Justin Myers,CHV,GK,0,0,0,0,0,0,0.0,0,0,0,0,0.0,0.0,2007,REG,0,0
29,Matt Wideman,RSL,GK,0,0,0,0,0,0,0.0,0,0,0,0,0.0,0.0,2007,REG,0,0
30,Lance Friesz,LA ,GK,0,0,0,0,0,0,0.0,0,0,0,0,0.0,0.0,2007,REG,0,0
31,Kyle Reynish,RSL,GK,0,0,0,0,0,0,0.0,0,0,0,0,0.0,0.0,2007,REG,0,0
32,Jordan James,HOU,GK,0,0,0,0,0,0,0.0,0,0,0,0,0.0,0.0,2007,REG,0,0
33,Nick Noble,CHI,GK,0,0,0,0,0,0,0.0,0,0,0,0,0.0,0.0,2007,REG,0,0
34,Bill Gaudette,CLB,GK,0,0,0,0,0,0,0.0,0,0,0,0,0.0,0.0,2007,REG,0,0
35,Justin Hughes,COL,GK,0,0,0,0,0,0,0.0,0,0,0,0,0.0,0.0,2007,REG,0,0
36,Shawn Crowe,DC ,GK,0,0,0,0,0,0,0.0,0,0,0,0,0.0,0.0,2007,REG,0,0
37,Eric Kronberg,KC ,GK,0,0,0,0,0,0,0.0,0,0,0,0,0.0,0.0,2007,REG,0,0
38,Chris Konopka,KC ,GK,0,0,0,0,0,0,0.0,0,0,0,0,0.0,0.0,2007,REG,0,0
39,Boris Pardo,DAL,GK,0,0,0,0,0,0,0.0,0,0,0,0,0.0,0.0,2007,REG,0,0
40,Brad Knighton,NE,GK,0,0,0,0,0,0,0.0,0,0,0,0,0.0,0.0,2007,REG,0,0
41,Danny Cepero,NY ,GK,0,0,0,0,0,0,0.0,0,0,0,0,0.0,0.0,2007,REG,0,0
42,Tomer Chencinski,TOR,GK,0,0,0,0,0,0,0.0,0,0,0,0,0.0,0.0,2007,REG,0,0
43,Doug Warren,NE ,GK,0,0,0,0,0,0,0.0,0,0,0,0,0.0,0.0,2007,REG,0,0
44,Nick Rimando,RSL,GK,30,30,2700,140,96,39,1.3,10,10,10,8,33.3,68.6,2008,REG,4,4
45,Jon Busch,CHI,GK,30,30,2700,156,122,33,1.1,13,10,7,10,43.3,78.2,2008,REG,0,1
46,Kevin Hartman,KC ,GK,30,30,2700,162,117,39,1.3,11,10,9,10,36.7,72.2,2008,REG,3,3
47,Joe Cannon,SJ ,GK,30,30,2700,166,124,38,1.27,8,13,9,9,26.7,74.7,2008,REG,3,5
48,William Hesmer,CLB,GK,29,29,2610,132,97,33,1.14,17,6,6,10,58.6,73.5,2008,REG,2,5
49,Matt Reis,NE ,GK,28,28,2485,150,107,38,1.36,11,11,6,6,39.3,71.3,2008,REG,3,4
50,Jon Conway,NY ,GK,28,28,2520,146,98,42,1.5,9,10,9,7,32.1,67.1,2008,REG,2,3
51,Dario Sala,DAL,GK,28,28,2520,131,92,37,1.32,8,8,12,7,28.6,70.2,2008,REG,1,1
52,Pat Onstad,HOU,GK,24,24,2098,105,76,24,1.0,10,4,9,7,41.7,72.4,2008,REG,0,1
53,Greg Sutton,TOR,GK,24,24,2160,160,116,35,1.46,7,10,7,6,29.2,72.5,2008,REG,6,7
54,Steve Cronin,LA ,GK,22,22,1935,141,92,44,2.0,6,9,6,2,27.3,65.2,2008,REG,3,3
55,Zach Wells,DC ,GK,17,17,1530,85,56,28,1.65,8,8,1,1,47.1,65.9,2008,REG,0,0
56,Bouna Coundoul,COL,GK,17,17,1530,77,54,21,1.24,6,8,3,5,35.3,70.1,2008,REG,3,3
57,Brad Guzan,ATL,GK,15,15,1350,71,48,20,1.33,6,5,4,4,40.0,67.6,2008,REG,1,1
58,Preston Burpo,COL,GK,13,13,1170,63,37,24,1.85,5,6,2,3,38.5,58.7,2008,REG,1,2
59,Louis Crayton,DC ,GK,12,12,1080,64,43,19,1.58,3,6,3,4,25.0,67.2,2008,REG,0,0
60,Dan Kennedy,CHV,GK,9,8,699,33,23,8,1.0,4,3,0,3,44.4,69.7,2008,REG,1,2
61,Zach Thornton,CHV,GK,8,7,651,32,16,13,1.86,2,3,3,1,25.0,50.0,2008,REG,1,1
62,Tony Caig,HOU,GK,7,6,602,36,24,8,1.33,3,1,3,3,42.9,66.7,2008,REG,0,0
63,Josh Wicks,LA ,GK,6,5,495,33,20,12,2.4,1,2,3,0,16.7,60.6,2008,REG,0,0
64,Brian Edwards,TOR,GK,6,6,540,31,23,8,1.33,2,3,1,2,33.3,74.2,2008,REG,0,0
65,Doug Warren,NE ,GK,3,2,215,10,5,5,2.5,1,0,1,0,33.3,50.0,2008,REG,0,0
66,Josh Saunders,LA ,GK,3,3,270,13,8,6,2.0,1,2,0,0,33.3,61.5,2008,REG,1,1
67,Ray Burse,DAL,GK,2,2,180,16,12,4,2.0,0,2,0,0,0.0,75.0,2008,REG,1,1
68,Danny Cepero,NY ,GK,2,2,180,11,5,6,3.0,1,1,0,0,50.0,45.5,2008,REG,0,0
69,Andy Gruenebaum,CLB,GK,1,1,90,5,2,3,3.0,0,1,0,0,0.0,40.0,2008,REG,0,0
70,Jose Carvallo,DC ,GK,1,1,90,6,2,4,4.0,0,1,0,0,0.0,33.3,2008,REG,0,0
71,Caleb Patterson-Sewell,NY ,GK,0,0,0,0,0,0,0.0,0,0,0,0,0.0,0.0,2008,REG,0,0
72,Lance Parker,CHV,GK,0,0,0,0,0,0,0.0,0,0,0,0,0.0,0.0,2008,REG,0,0
73,Josh Lambo,DAL,GK,0,0,0,0,0,0,0.0,0,0,0,0,0.0,0.0,2008,REG,0,0
74,Corbin Waller,HOU,GK,0,0,0,0,0,0,0.0,0,0,0,0,0.0,0.0,2008,REG,0,0
75,Charles Alamo,LA ,GK,0,0,0,0,0,0,0.0,0,0,0,0,0.0,0.0,2008,REG,0,0
76,Vito Higgins,LA ,GK,0,0,0,0,0,0,0.0,0,0,0,0,0.0,0.0,2008,REG,0,0
77,Kenny Schoeni,CLB,GK,0,0,0,0,0,0,0.0,0,0,0,0,0.0,0.0,2008,REG,0,0
78,David Monsalve,DAL,GK,0,0,0,0,0,0,0.0,0,0,0,0,0.0,0.0,2008,REG,0,0
79,Justin Hughes,COL,GK,0,0,0,0,0,0,0.0,0,0,0,0,0.0,0.0,2008,REG,0,0
80,Eric Kronberg,KC ,GK,0,0,0,0,0,0,0.0,0,0,0,0,0.0,0.0,2008,REG,0,0
81,Boris Pardo,KC ,GK,0,0,0,0,0,0,0.0,0,0,0,0,0.0,0.0,2008,REG,0,0
82,Brad Knighton,NE,GK,0,0,0,0,0,0,0.0,0,0,0,0,0.0,0.0,2008,REG,0,0
83,Nick Noble,CHI,GK,0,0,0,0,0,0,0.0,0,0,0,0,0.0,0.0,2008,REG,0,0
84,Terry Boss,NY ,GK,0,0,0,0,0,0,0.0,0,0,0,0,0.0,0.0,2008,REG,0,0
85,Tyler Kettering,CHI,GK,0,0,0,0,0,0,0.0,0,0,0,0,0.0,0.0,2008,REG,0,0
86,Andrew Kartunen,KC ,GK,0,0,0,0,0,0,0.0,0,0,0,0,0.0,0.0,2008,REG,0,0
87,Chris Sharpe,COL,GK,0,0,0,0,0,0,0.0,0,0,0,0,0.0,0.0,2008,REG,0,0
88,Kyle Reynish,RSL,GK,0,0,0,0,0,0,0.0,0,0,0,0,0.0,0.0,2008,REG,0,0
89,Chris Seitz,HOU,GK,0,0,0,0,0,0,0.0,0,0,0,0,0.0,0.0,2008,REG,0,0
90,Mike Graczyk,COL,GK,0,0,0,0,0,0,0.0,0,0,0,0,0.0,0.0,2008,REG,0,0
91,Dan Benton,SJ ,GK,0,0,0,0,0,0,0.0,0,0,0,0,0.0,0.0,2008,REG,0,0
92,James Thorpe,DC ,GK,0,0,0,0,0,0,0.0,0,0,0,0,0.0,0.0,2008,REG,0,0
93,Michael Gustavson,SJ ,GK,0,0,0,0,0,0,0.0,0,0,0,0,0.0,0.0,2008,REG,0,0
94,Pat Onstad,HOU,GK,30,30,2700,121,89,29,0.97,13,8,9,10,43.3,73.6,2009,REG,2,4
95,Jon Busch,CHI,GK,30,30,2700,136,103,34,1.13,11,7,12,10,36.7,75.7,2009,REG,5,5
96,Kevin Hartman,KC ,GK,30,30,2700,153,105,42,1.4,8,13,9,7,26.7,68.6,2009,REG,3,4
97,Kasey Keller,SEA,GK,29,29,2549,108,78,26,0.9,12,5,11,10,41.4,72.2,2009,REG,1,3
98,Joe Cannon,SJ ,GK,28,28,2520,147,97,47,1.68,6,14,8,3,21.4,66.0,2009,REG,3,3
99,Zach Thornton,CHV,GK,27,27,2385,111,83,23,0.85,12,9,6,12,44.4,74.8,2009,REG,2,2
100,Donovan Ricketts,LA ,GK,26,26,2274,112,82,26,1.0,10,5,10,9,38.5,73.2,2009,REG,4,5
101,Nick Rimando,RSL,GK,26,26,2285,108,73,29,1.12,10,10,6,9,38.5,67.6,2009,REG,0,2
102,Stefan Frei,SEA,GK,26,26,2295,141,98,38,1.46,9,9,7,5,34.6,69.5,2009,REG,3,4
103,Matt Reis,NE ,GK,24,24,2160,140,114,23,0.96,10,8,6,8,41.7,81.4,2009,REG,2,3
104,Josh Wicks,DC ,GK,19,19,1672,104,78,26,1.37,5,5,8,5,26.3,75.0,2009,REG,4,5
105,Matt Pickens,COL,GK,19,19,1710,63,39,22,1.16,9,6,4,7,47.4,61.9,2009,REG,4,4
106,William Hesmer,CLB,GK,19,19,1710,86,68,18,0.95,9,4,6,7,47.4,79.1,2009,REG,0,0
107,Ray Burse,DAL,GK,17,16,1503,92,62,27,1.69,4,8,5,1,23.5,67.4,2009,REG,2,2
108,Dario Sala,DAL,GK,14,14,1195,63,43,20,1.43,7,5,1,4,50.0,68.3,2009,REG,2,2
109,Danny Cepero,NY ,GK,13,13,1088,85,62,21,1.62,2,8,3,0,15.4,72.9,2009,REG,0,1
110,Preston Burpo,COL,GK,11,11,990,41,23,16,1.45,1,4,6,1,9.1,56.1,2009,REG,1,1
111,Andy Gruenebaum,CLB,GK,10,10,900,36,21,12,1.2,4,2,4,1,40.0,58.3,2009,REG,1,2
112,Jon Conway,CHV,GK,9,9,810,51,33,16,1.78,1,7,1,1,11.1,64.7,2009,REG,4,4
113,Bouna Coundoul,NY ,GK,8,8,720,46,32,10,1.25,2,4,2,2,25.0,69.6,2009,REG,1,2
114,Josh Saunders,LA ,GK,6,4,426,18,12,5,1.25,2,1,2,2,33.3,66.7,2009,REG,1,1
115,Brad Knighton,NE,GK,6,6,540,49,36,14,2.33,1,2,3,0,16.7,73.5,2009,REG,0,0
116,Louis Crayton,DC ,GK,6,6,540,31,21,8,1.33,2,1,3,1,33.3,67.7,2009,REG,0,0
117,Milos Kocic,DC ,GK,4,3,308,16,9,8,2.67,1,2,1,0,25.0,56.3,2009,REG,0,0
118,Lance Parker,CHV,GK,4,3,315,19,11,8,2.67,1,2,0,1,25.0,57.9,2009,REG,1,1
119,Chris Seitz,HOU,GK,4,4,360,20,13,5,1.25,1,2,1,1,25.0,65.0,2009,REG,1,1
120,Brian Edwards,TOR,GK,3,3,270,17,11,6,2.0,1,1,1,1,33.3,64.7,2009,REG,1,1
121,Greg Sutton,TOR,GK,2,1,135,5,3,2,2.0,0,1,1,0,0.0,60.0,2009,REG,0,0
122,Steve Cronin,DC ,GK,2,2,180,12,9,2,1.0,1,0,1,1,50.0,75.0,2009,REG,1,1
123,Andrew Weber,SJ ,GK,2,2,180,17,11,3,1.5,1,0,1,0,50.0,64.7,2009,REG,0,0
124,Kyle Reynish,RSL,GK,1,0,55,2,1,1,1.0,0,0,0,0,0.0,50.0,2009,REG,0,0
125,Ben Dragavon,SEA,GK,1,0,61,3,2,1,1.0,0,1,0,0,0.0,66.7,2009,REG,0,0
126,Alec Dufty,NY ,GK,1,0,82,2,2,0,0.0,0,0,0,0,0.0,100.0,2009,REG,0,0
127,Chris Eylander,SEA,GK,1,1,90,3,1,2,2.0,0,1,0,0,0.0,33.3,2009,REG,0,0
128,Kenny Schoeni,CLB,GK,1,1,90,5,4,1,1.0,0,1,0,0,0.0,80.0,2009,REG,0,0
129,Josh Lambo,DAL,GK,0,0,0,0,0,0,0.0,0,0,0,0,0.0,0.0,2009,REG,0,0
130,Dan Kennedy,CHV,GK,0,0,0,0,0,0,0.0,0,0,0,0,0.0,0.0,2009,REG,0,0
131,Mike Graczyk,SJ ,GK,0,0,0,0,0,0,0.0,0,0,0,0,0.0,0.0,2009,REG,0,0
132,Tally Hall,DC,GK,0,0,0,0,0,0,0.0,0,0,0,0,0.0,0.0,2009,REG,0,0
133,Nick Noble,CHI,GK,0,0,0,0,0,0,0.0,0,0,0,0,0.0,0.0,2009,REG,0,0
134,Eric Kronberg,KC ,GK,0,0,0,0,0,0,0.0,0,0,0,0,0.0,0.0,2009,REG,0,0
135,Boris Pardo,KC ,GK,0,0,0,0,0,0,0.0,0,0,0,0,0.0,0.0,2009,REG,0,0
136,Andrew Dykstra,SKC,GK,0,0,0,0,0,0,0.0,0,0,0,0,0.0,0.0,2009,REG,0,0
137,Bobby Shuttleworth,MIN,GK,0,0,0,0,0,0,0.0,0,0,0,0,0.0,0.0,2009,REG,0,0
138,Tyler Deric,HOU,GK,0,0,0,0,0,0,0.0,0,0,0,0,0.0,0.0,2009,REG,0,0
139,Zack Simmons,NE ,GK,0,0,0,0,0,0,0.0,0,0,0,0,0.0,0.0,2009,REG,0,0
140,Terry Boss,SEA,GK,0,0,0,0,0,0,0.0,0,0,0,0,0.0,0.0,2009,REG,0,0
141,Steward Ceus,COL,GK,0,0,0,0,0,0,0.0,0,0,0,0,0.0,0.0,2009,REG,0,0
142,Kasey Keller,SEA,GK,30,30,2655,119,82,34,1.13,14,10,5,11,46.7,68.9,2010,REG,4,5
143,William Hesmer,CLB,GK,30,30,2700,122,84,33,1.1,14,8,8,11,46.7,68.9,2010,REG,4,4
144,Donovan Ricketts,LA ,GK,29,29,2610,104,79,26,0.9,18,7,4,11,62.1,76.0,2010,REG,1,1
145,Matt Pickens,COL,GK,29,29,2610,120,88,32,1.1,11,8,10,7,37.9,73.3,2010,REG,4,4
146,Jimmy Nielsen,KC ,GK,29,29,2610,114,80,34,1.17,10,13,6,10,34.5,70.2,2010,REG,1,1
147,Stefan Frei,SEA,GK,28,28,2520,153,108,37,1.32,8,13,7,8,28.6,70.6,2010,REG,6,6
148,Bouna Coundoul,NY ,GK,27,27,2430,134,105,28,1.04,14,8,5,11,51.9,78.4,2010,REG,1,2
149,Nick Rimando,RSL,GK,27,27,2430,100,78,18,0.67,15,4,8,14,55.6,78.0,2010,REG,4,4
150,Zach Thornton,CHV,GK,23,23,2015,97,63,33,1.43,6,12,3,6,26.1,64.9,2010,REG,3,3
151,Chris Seitz,HOU,GK,23,22,2047,114,68,41,1.86,5,12,6,0,21.7,59.6,2010,REG,4,5
152,Pat Onstad,HOU,GK,23,23,2070,90,49,40,1.74,6,12,5,4,26.1,54.4,2010,REG,0,0
153,Troy Perkins,DC ,GK,22,22,1980,109,72,37,1.68,3,15,4,5,13.6,66.1,2010,REG,2,3
154,Kevin Hartman,DAL,GK,20,20,1755,71,56,12,0.6,10,1,8,9,50.0,78.9,2010,REG,1,2
155,Jon Busch,SJ ,GK,18,18,1620,104,81,19,1.06,7,6,5,7,38.9,77.9,2010,REG,0,0
156,Andrew Dykstra,SKC,GK,17,17,1530,80,55,21,1.24,5,6,6,5,29.4,68.8,2010,REG,2,2
157,Matt Reis,NE ,GK,14,14,1260,79,51,25,1.79,4,7,3,3,28.6,64.6,2010,REG,2,3
158,Sean Johnson,NYC,GK,13,13,1170,69,52,17,1.31,4,6,3,3,30.8,75.4,2010,REG,4,5
159,Joe Cannon,SJ ,GK,12,12,1080,55,38,14,1.17,6,4,2,6,50.0,69.1,2010,REG,0,0
160,Preston Burpo,NE ,GK,11,11,939,65,48,16,1.45,2,6,2,2,18.2,73.8,2010,REG,0,0
161,Dario Sala,DAL,GK,11,10,945,50,34,16,1.6,2,3,6,1,18.2,68.0,2010,REG,1,2
162,Brad Knighton,NE,GK,8,8,652,33,23,8,1.0,3,3,1,2,37.5,69.7,2010,REG,0,0
163,Bill Hamid,DC ,GK,8,8,720,31,20,10,1.25,3,5,0,1,37.5,64.5,2010,REG,0,0
164,Dan Kennedy,CHV,GK,7,6,594,31,22,8,1.33,2,4,1,0,28.6,71.0,2010,REG,0,0
165,Bobby Shuttleworth,MIN,GK,6,5,501,27,18,9,1.8,3,3,0,1,50.0,66.7,2010,REG,0,0
166,Tally Hall,DC,GK,5,5,450,26,18,8,1.6,1,3,1,1,20.0,69.2,2010,REG,0,0
167,Kyle Reynish,RSL,GK,3,3,270,13,11,2,0.67,0,0,3,1,0.0,84.6,2010,REG,0,0
168,Greg Sutton,NY ,GK,3,3,270,10,9,1,0.33,1,1,1,2,33.3,90.0,2010,REG,0,0
169,Milos Kocic,TOR,GK,2,1,107,8,5,3,3.0,1,0,1,0,50.0,62.5,2010,REG,1,1
170,Tyler Deric,HOU,GK,2,2,180,9,8,1,0.5,2,0,0,1,100.0,88.9,2010,REG,0,0
171,Terry Boss,SEA,GK,1,0,45,2,1,1,1.0,0,0,1,0,0.0,50.0,2010,REG,1,1
172,Jon Conway,TOR,GK,1,1,72,2,2,1,1.0,0,0,0,0,0.0,100.0,2010,REG,0,0
173,Eric Kronberg,KC ,GK,1,1,90,4,3,1,1.0,1,0,0,0,100.0,75.0,2010,REG,0,0
174,Kevin Guppy,CHV,GK,1,1,90,9,6,3,3.0,0,1,0,0,0.0,66.7,2010,REG,1,1
175,Josh Saunders,LA ,GK,1,1,90,1,1,0,0.0,0,0,1,1,0.0,100.0,2010,REG,0,0
176,Ian Joyce,COL,GK,1,1,90,4,4,0,0.0,1,0,0,1,100.0,100.0,2010,REG,0,0
177,Josh Lambo,DAL,GK,0,0,0,0,0,0,0.0,0,0,0,0,0.0,0.0,2010,REG,0,0
178,Josh Wicks,DC ,GK,0,0,0,0,0,0,0.0,0,0,0,0,0.0,0.0,2010,REG,0,0
179,Kenny Schoeni,CLB,GK,0,0,0,0,0,0,0.0,0,0,0,0,0.0,0.0,2010,REG,0,0
180,Steward Ceus,COL,GK,0,0,0,0,0,0,0.0,0,0,0,0,0.0,0.0,2010,REG,0,0
181,Andrew Weber,SJ ,GK,0,0,0,0,0,0,0.0,0,0,0,0,0.0,0.0,2010,REG,0,0
182,Andy Gruenebaum,CLB,GK,0,0,0,0,0,0,0.0,0,0,0,0,0.0,0.0,2010,REG,0,0
183,Andrew Quinn,DC ,GK,0,0,0,0,0,0,0.0,0,0,0,0,0.0,0.0,2010,REG,0,0
184,Tim Murray,NE ,GK,0,0,0,0,0,0,0.0,0,0,0,0,0.0,0.0,2010,REG,0,0
185,Tim Melia,SKC,GK,0,0,0,0,0,0,0.0,0,0,0,0,0.0,0.0,2010,REG,0,0
186,Jon Kempin,CLB,GK,0,0,0,0,0,0,0.0,0,0,0,0,0.0,0.0,2010,REG,0,0
187,Brian Perk,LA ,GK,0,0,0,0,0,0,0.0,0,0,0,0,0.0,0.0,2010,REG,0,0
188,Chase Harrison,0,GK,0,0,0,0,0,0,0.0,0,0,0,0,0.0,0.0,2010,REG,0,0
189,Kasey Keller,SEA,GK,34,34,3060,145,110,37,1.09,18,7,9,9,52.9,75.9,2011,REG,3,4
190,Matt Pickens,COL,GK,34,34,3060,116,76,41,1.21,12,9,13,8,35.3,65.5,2011,REG,2,2
191,Tally Hall,DC,GK,34,34,3060,143,99,41,1.21,12,9,13,6,35.3,69.2,2011,REG,5,5
192,Kevin Hartman,DAL,GK,33,33,2970,124,85,35,1.06,15,11,7,13,45.5,68.5,2011,REG,3,3
193,Nick Rimando,RSL,GK,33,33,2970,134,95,36,1.09,14,11,8,13,42.4,70.9,2011,REG,5,7
194,Jon Busch,SJ ,GK,33,33,2970,160,113,44,1.33,7,12,14,7,21.2,70.6,2011,REG,4,4
195,William Hesmer,CLB,GK,32,32,2880,135,92,44,1.38,11,13,8,8,34.4,68.1,2011,REG,3,4
196,Dan Kennedy,CHV,GK,32,32,2880,142,100,39,1.22,8,12,12,9,25.0,70.4,2011,REG,2,4
197,Jimmy Nielsen,KC ,GK,31,31,2767,114,79,35,1.13,12,8,11,7,38.7,69.3,2011,REG,1,2
198,Troy Perkins,POR,GK,29,29,2610,132,91,38,1.31,9,12,8,9,31.0,68.9,2011,REG,5,5
199,Bill Hamid,DC ,GK,28,28,2392,114,77,37,1.32,7,9,10,7,25.0,67.5,2011,REG,4,4
200,Sean Johnson,NYC,GK,28,28,2520,115,76,37,1.32,9,7,12,7,32.1,66.1,2011,REG,2,4
201,Faryd Mondragón,PHI,GK,27,27,2385,79,49,28,1.04,8,8,11,7,29.6,62.0,2011,REG,2,2
202,Stefan Frei,SEA,GK,27,27,2406,155,106,49,1.81,3,12,11,6,11.1,68.4,2011,REG,4,4
203,Matt Reis,NE ,GK,27,27,2430,159,111,43,1.59,5,12,10,5,18.5,69.8,2011,REG,6,7
204,Joe Cannon,VAN,GK,20,20,1800,99,66,32,1.6,4,12,4,3,20.0,66.7,2011,REG,3,3
205,Josh Saunders,LA ,GK,19,18,1639,73,55,17,0.94,12,2,4,8,63.2,75.3,2011,REG,2,2
206,Donovan Ricketts,LA ,GK,15,15,1284,54,41,11,0.73,7,3,4,7,46.7,75.9,2011,REG,1,1
207,Jay Nolly,VAN,GK,14,14,1260,63,39,23,1.64,2,6,6,2,14.3,61.9,2011,REG,3,4
208,Bouna Coundoul,NY ,GK,12,11,1035,51,37,13,1.18,3,2,6,3,25.0,72.5,2011,REG,1,1
209,Frank Rost,NY ,GK,11,11,945,40,26,14,1.27,4,4,3,5,36.4,65.0,2011,REG,0,0
210,Greg Sutton,NY ,GK,10,10,900,44,30,15,1.5,3,2,5,2,30.0,68.2,2011,REG,2,5
211,Milos Kocic,TOR,GK,8,7,654,47,35,10,1.43,3,1,4,1,37.5,74.5,2011,REG,0,0
212,Zac MacMath,COL,GK,8,7,675,25,16,8,1.14,3,0,4,3,37.5,64.0,2011,REG,1,1
213,Bobby Shuttleworth,MIN,GK,7,7,630,32,17,15,2.14,0,4,3,0,0.0,53.1,2011,REG,1,1
214,Jon Conway,CHI,GK,6,6,540,24,15,8,1.33,0,2,4,1,0.0,62.5,2011,REG,0,0
215,Eric Kronberg,KC ,GK,4,3,292,15,10,5,1.67,1,1,1,1,25.0,66.7,2011,REG,1,1
216,Jake Gleeson,POR,GK,4,3,315,17,12,6,2.0,2,0,1,0,50.0,70.6,2011,REG,0,0
217,Joe Willis,HOU,GK,3,3,270,16,12,4,1.33,1,2,0,1,33.3,75.0,2011,REG,0,0
218,Pat Onstad,DC ,GK,3,3,270,16,8,7,2.33,1,2,0,0,33.3,50.0,2011,REG,2,2
219,Steve Cronin,DC ,GK,2,0,126,10,6,4,4.0,0,0,2,0,0.0,60.0,2011,REG,0,0
220,Adin Brown,POR,GK,2,2,135,9,5,4,2.0,0,2,0,0,0.0,55.6,2011,REG,0,0
221,Zach Thornton,CHV,GK,2,2,180,7,3,4,2.0,0,2,0,0,0.0,42.9,2011,REG,0,0
222,Andy Gruenebaum,CLB,GK,2,2,180,5,5,0,0.0,2,0,0,2,100.0,100.0,2011,REG,0,0
223,Kyle Reynish,RSL,GK,1,1,90,2,2,0,0.0,1,0,0,1,100.0,100.0,2011,REG,0,0
224,Chris Seitz,HOU,GK,1,1,90,9,5,4,4.0,0,1,0,0,0.0,55.6,2011,REG,1,1
225,Chris Konopka,NY ,GK,1,1,90,4,2,2,2.0,0,0,1,0,0.0,50.0,2011,REG,0,0
226,Brian Perk,LA ,GK,1,1,90,2,2,0,0.0,0,0,1,1,0.0,100.0,2011,REG,0,1
227,David Bingham,LA,GK,1,1,90,5,4,1,1.0,1,0,0,0,100.0,80.0,2011,REG,0,0
228,Alex Horwath,NY ,GK,1,1,90,4,4,0,0.0,0,0,1,1,0.0,100.0,2011,REG,0,0
229,Alec Dufty,CHI,GK,0,0,0,0,0,0,0.0,0,0,0,0,0.0,0.0,2011,REG,0,0
230,Jon Kempin,CLB,GK,0,0,0,0,0,0,0.0,0,0,0,0,0.0,0.0,2011,REG,0,0
231,Alex Riggs,CLB,GK,0,0,0,0,0,0,0.0,0,0,0,0,0.0,0.0,2011,REG,0,0
232,Tyler Deric,HOU,GK,0,0,0,0,0,0,0.0,0,0,0,0,0.0,0.0,2011,REG,0,0
233,Tim Murray,NE ,GK,0,0,0,0,0,0,0.0,0,0,0,0,0.0,0.0,2011,REG,0,0
234,Tim Melia,SKC,GK,0,0,0,0,0,0,0.0,0,0,0,0,0.0,0.0,2011,REG,0,0
235,Evan Newton,HOU,GK,0,0,0,0,0,0,0.0,0,0,0,0,0.0,0.0,2011,REG,0,0
236,Richard Sanchez,CHI,GK,0,0,0,0,0,0,0.0,0,0,0,0,0.0,0.0,2011,REG,0,0
237,Brian Sylvestre,VAN,GK,0,0,0,0,0,0,0.0,0,0,0,0,0.0,0.0,2011,REG,0,0
238,Thorne Holder,PHI,GK,0,0,0,0,0,0,0.0,0,0,0,0,0.0,0.0,2011,REG,0,0
239,Josh Ford,SEA,GK,0,0,0,0,0,0,0.0,0,0,0,0,0.0,0.0,2011,REG,0,0
240,Chase Harrison,PHI,GK,0,0,0,0,0,0,0.0,0,0,0,0,0.0,0.0,2011,REG,0,0
241,Bryan Meredith,SEA,GK,0,0,0,0,0,0,0.0,0,0,0,0,0.0,0.0,2011,REG,0,0
242,Sergio Arias,CHV,GK,0,0,0,0,0,0,0.0,0,0,0,0,0.0,0.0,2011,REG,0,0
243,Ian Joyce,COL,GK,0,0,0,0,0,0,0.0,0,0,0,0,0.0,0.0,2011,REG,0,0
244,Josh Lambo,DAL,GK,0,0,0,0,0,0,0.0,0,0,0,0,0.0,0.0,2011,REG,0,0
245,Andrew Weber,SJ ,GK,0,0,0,0,0,0,0.0,0,0,0,0,0.0,0.0,2011,REG,0,0
246,Terry Boss,SEA,GK,0,0,0,0,0,0,0.0,0,0,0,0,0.0,0.0,2011,REG,0,0
247,Steward Ceus,COL,GK,0,0,0,0,0,0,0.0,0,0,0,0,0.0,0.0,2011,REG,0,0
248,Jimmy Nielsen,KC ,GK,34,34,3060,102,77,27,0.79,18,7,9,15,52.9,75.5,2012,REG,3,4
249,Donovan Ricketts,MTL,GK,33,33,2913,143,87,52,1.58,12,14,5,5,36.4,60.8,2012,REG,8,8
250,Andy Gruenebaum,CLB,GK,33,33,2920,166,124,41,1.24,13,12,7,8,39.4,74.7,2012,REG,3,4
251,Tally Hall,DC,GK,33,33,2946,129,88,39,1.18,14,8,11,12,42.4,68.2,2012,REG,5,5
252,Jon Busch,SJ ,GK,32,32,2835,123,77,40,1.25,17,5,9,7,53.1,62.6,2012,REG,4,5
253,Matt Pickens,COL,GK,32,32,2859,155,107,49,1.53,9,19,4,7,28.1,69.0,2012,REG,1,2
254,Dan Kennedy,CHV,GK,32,32,2880,167,109,54,1.69,7,17,8,7,21.9,65.3,2012,REG,2,2
255,Zac MacMath,COL,GK,32,32,2880,139,93,43,1.34,10,17,5,8,31.3,66.9,2012,REG,3,4
256,Sean Johnson,NYC,GK,31,31,2766,143,108,38,1.23,16,10,5,5,51.6,75.5,2012,REG,2,3
257,Troy Perkins,MTL,GK,31,31,2767,148,101,43,1.39,8,14,8,7,25.8,68.2,2012,REG,4,4
258,Nick Rimando,RSL,GK,31,31,2790,116,83,33,1.06,16,11,4,12,51.6,71.6,2012,REG,2,4
259,Kevin Hartman,DAL,GK,30,30,2700,148,98,42,1.4,9,11,10,6,30.0,66.2,2012,REG,2,5
260,Matt Reis,NE ,GK,27,27,2430,133,92,39,1.44,6,14,7,6,22.2,69.2,2012,REG,3,3
261,Josh Saunders,LA ,GK,27,27,2430,118,80,36,1.33,16,7,4,9,59.3,67.8,2012,REG,0,1
262,Milos Kocic,TOR,GK,27,27,2430,129,82,47,1.74,5,16,6,3,18.5,63.6,2012,REG,0,1
263,Joe Cannon,VAN,GK,26,26,2277,109,73,34,1.31,8,10,7,8,30.8,67.0,2012,REG,2,2
264,Bill Hamid,DC ,GK,24,24,2087,113,88,24,1.0,13,6,4,8,54.2,77.9,2012,REG,1,1
265,Michael Gspurning,SEA,GK,21,21,1845,77,59,15,0.71,12,4,5,8,57.1,76.6,2012,REG,2,2
266,Ryan Meara,NY,GK,18,18,1620,90,59,27,1.5,9,5,4,3,50.0,65.6,2012,REG,1,1
267,Bill Gaudette,LA ,GK,15,15,1350,62,38,20,1.33,5,5,5,3,33.3,61.3,2012,REG,1,1
268,Bryan Meredith,SEA,GK,12,10,990,36,20,14,1.4,3,3,5,3,25.0,55.6,2012,REG,0,0
269,Joe Willis,HOU,GK,11,10,972,50,31,19,1.9,4,4,3,2,36.4,62.0,2012,REG,2,2
270,Brad Knighton,NE,GK,10,8,782,36,27,7,0.88,3,3,3,3,30.0,75.0,2012,REG,0,1
271,Bobby Shuttleworth,MIN,GK,7,7,630,29,23,5,0.71,3,3,1,3,42.9,79.3,2012,REG,0,0
272,Freddy Hall,TOR,GK,7,7,630,42,27,15,2.14,0,5,2,1,0.0,64.3,2012,REG,1,1
273,Joe Bendik,OCS,GK,5,3,326,21,11,8,2.67,0,2,3,0,0.0,52.4,2012,REG,2,2
274,Brian Perk,LA ,GK,4,4,360,13,7,7,1.75,0,3,1,0,0.0,53.8,2012,REG,2,2
275,Chris Seitz,HOU,GK,4,4,360,15,10,5,1.25,0,2,2,0,0.0,66.7,2012,REG,0,1
276,Luis Robles,NY,GK,4,4,360,12,9,3,0.75,2,1,1,2,50.0,75.0,2012,REG,0,0
277,Matt Lampson,MIN,GK,3,1,140,10,7,3,3.0,2,0,0,0,66.7,70.0,2012,REG,1,1
278,Steward Ceus,COL,GK,3,2,201,5,4,1,0.5,2,0,0,2,66.7,80.0,2012,REG,0,0
279,Andrew Weber,SEA,GK,3,3,225,9,5,4,1.33,0,1,1,0,0.0,55.6,2012,REG,0,0
280,David Bingham,LA,GK,3,2,225,12,8,3,1.5,2,1,0,0,66.7,66.7,2012,REG,0,0
281,Paolo Tornaghi,CHI,GK,3,3,270,17,14,3,1.0,1,1,1,1,33.3,82.4,2012,REG,0,0
282,Kyle Reynish,RSL,GK,3,3,270,8,6,2,0.67,1,0,2,2,33.3,75.0,2012,REG,0,0
283,Tim Melia,SKC,GK,2,2,180,13,9,4,2.0,0,1,1,0,0.0,69.2,2012,REG,0,0
284,Greg Sutton,MTL,GK,1,0,24,1,0,1,1.0,0,1,0,0,0.0,0.0,2012,REG,0,0
285,Chris Konopka,PHI,GK,1,1,90,7,6,1,1.0,0,1,0,0,0.0,85.7,2012,REG,0,0
286,Tyler Deric,HOU,GK,1,1,90,9,7,2,2.0,0,1,0,0,0.0,77.8,2012,REG,0,0
287,Chase Harrison,PHI,GK,1,1,90,3,2,1,1.0,0,0,1,0,0.0,66.7,2012,REG,0,0
288,Evan Bush,MTL,GK,1,1,90,7,4,3,3.0,0,1,0,0,0.0,57.1,2012,REG,0,0
289,Brian Rowe ,VAN,GK,0,0,0,0,0,0,0.0,0,0,0,0,0.0,0.0,2012,REG,0,0
290,Jeremy Vuolo,NY ,GK,0,0,0,0,0,0,0.0,0,0,0,0,0.0,0.0,2012,REG,0,0
291,Erich Marscheider,HOU,GK,0,0,0,0,0,0,0.0,0,0,0,0,0.0,0.0,2012,REG,0,0
292,Quillan Roberts,TOR,GK,0,0,0,0,0,0,0.0,0,0,0,0,0.0,0.0,2012,REG,0,0
293,Lalo Fernandez,RSL,GK,0,0,0,0,0,0,0.0,0,0,0,0,0.0,0.0,2012,REG,0,0
294,Patrick McLain,CHV,GK,0,0,0,0,0,0,0.0,0,0,0,0,0.0,0.0,2012,REG,0,0
295,Scott Angevine,KC ,GK,0,0,0,0,0,0,0.0,0,0,0,0,0.0,0.0,2012,REG,0,0
296,Tim Murray,NE ,GK,0,0,0,0,0,0,0.0,0,0,0,0,0.0,0.0,2012,REG,0,0
297,Jon Kempin,CLB,GK,0,0,0,0,0,0,0.0,0,0,0,0,0.0,0.0,2012,REG,0,0
298,Evan Newton,SJ ,GK,0,0,0,0,0,0,0.0,0,0,0,0,0.0,0.0,2012,REG,0,0
299,Josh Ford,SEA,GK,0,0,0,0,0,0,0.0,0,0,0,0,0.0,0.0,2012,REG,0,0
300,Brian Sylvestre,VAN,GK,0,0,0,0,0,0,0.0,0,0,0,0,0.0,0.0,2012,REG,0,0
301,Jake Gleeson,POR,GK,0,0,0,0,0,0,0.0,0,0,0,0,0.0,0.0,2012,REG,0,0
302,Richard Sanchez,CHI,GK,0,0,0,0,0,0,0.0,0,0,0,0,0.0,0.0,2012,REG,0,0
303,Ian Joyce,COL,GK,0,0,0,0,0,0,0.0,0,0,0,0,0.0,0.0,2012,REG,0,0
304,Stefan Frei,SEA,GK,0,0,0,0,0,0,0.0,0,0,0,0,0.0,0.0,2012,REG,0,0
305,Andrew Dykstra,SKC,GK,0,0,0,0,0,0,0.0,0,0,0,0,0.0,0.0,2012,REG,0,0
306,Marcus Hahnemann,SEA,GK,0,0,0,0,0,0,0.0,0,0,0,0,0.0,0.0,2012,REG,0,0
307,William Hesmer,CLB,GK,0,0,0,0,0,0,0.0,0,0,0,0,0.0,0.0,2012,REG,0,0
308,Jay Nolly,CHI,GK,0,0,0,0,0,0,0.0,0,0,0,0,0.0,0.0,2012,REG,0,0
309,Eric Kronberg,KC ,GK,0,0,0,0,0,0,0.0,0,0,0,0,0.0,0.0,2012,REG,0,0
310,Jimmy Nielsen,KC ,GK,34,34,3060,100,68,30,0.88,17,10,7,13,50.0,68.0,2013,REG,1,1
311,Luis Robles,NY,GK,34,34,3060,147,103,41,1.21,17,9,8,11,50.0,70.1,2013,REG,7,10
312,Tally Hall,DC,GK,34,34,3060,141,95,41,1.21,14,11,9,9,41.2,67.4,2013,REG,2,4
313,Zac MacMath,COL,GK,34,34,3060,147,101,44,1.29,12,12,10,12,35.3,68.7,2013,REG,1,1
314,Joe Bendik,OCS,GK,33,33,2970,139,90,46,1.39,6,16,11,4,18.2,64.7,2013,REG,2,2
315,Troy Perkins,MTL,GK,33,33,2970,158,109,48,1.45,14,12,7,8,42.4,69.0,2013,REG,4,6
316,Jon Busch,SJ ,GK,33,33,2970,142,101,41,1.24,13,11,9,9,39.4,71.1,2013,REG,3,3
317,Clint Irwin,TOR,GK,32,31,2873,132,91,35,1.13,14,9,9,10,43.8,68.9,2013,REG,6,8
318,Donovan Ricketts,POR,GK,32,32,2880,126,92,31,0.97,13,5,14,14,40.6,73.0,2013,REG,4,5
319,Dan Kennedy,CHV,GK,31,31,2754,166,104,54,1.74,6,17,8,3,19.4,62.7,2013,REG,3,4
320,Michael Gspurning,SEA,GK,28,28,2475,114,76,35,1.25,12,9,6,10,42.9,66.7,2013,REG,2,2
321,Sean Johnson,NYC,GK,28,28,2520,132,93,39,1.39,12,10,6,6,42.9,70.5,2013,REG,3,4
322,Nick Rimando,RSL,GK,27,27,2430,112,82,28,1.04,14,7,6,9,51.9,73.2,2013,REG,1,3
323,Raul Fernandez,DAL,GK,26,26,2340,129,88,41,1.58,7,10,9,7,26.9,68.2,2013,REG,2,3
324,Bill Hamid,DC ,GK,25,25,2250,119,80,39,1.56,2,17,6,4,8.0,67.2,2013,REG,4,6
325,Bobby Shuttleworth,MIN,GK,23,22,2063,96,64,30,1.36,7,11,5,9,30.4,66.7,2013,REG,3,3
326,Carlo Cudicini,LA ,GK,21,21,1890,68,39,27,1.29,9,8,4,7,42.9,57.4,2013,REG,0,1
327,Andy Gruenebaum,CLB,GK,21,21,1890,100,71,28,1.33,5,11,5,4,23.8,71.0,2013,REG,2,2
328,David Ousted,DC,GK,13,13,1170,54,37,16,1.23,4,5,4,4,30.8,68.5,2013,REG,1,1
329,Matt Lampson,MIN,GK,13,13,1170,63,43,18,1.38,7,6,0,5,53.8,68.3,2013,REG,3,3
330,Matt Reis,NE ,GK,12,12,995,37,29,8,0.67,7,0,4,5,58.3,78.4,2013,REG,0,0
331,Brad Knighton,NE,GK,11,11,990,50,35,15,1.36,6,3,2,2,54.5,70.0,2013,REG,2,2
332,Joe Cannon,VAN,GK,10,10,900,42,31,14,1.4,3,4,3,1,30.0,73.8,2013,REG,0,0
333,Jaime Penedo,LA ,GK,9,9,810,31,24,7,0.78,4,1,4,4,44.4,77.4,2013,REG,0,0
334,Joe Willis,HOU,GK,9,9,810,47,28,20,2.22,1,7,1,1,11.1,59.6,2013,REG,1,1
335,Chris Seitz,HOU,GK,8,8,720,36,24,11,1.38,4,2,2,2,50.0,66.7,2013,REG,0,0
336,Paolo Tornaghi,CHI,GK,6,6,540,24,12,13,2.17,2,3,1,0,33.3,50.0,2013,REG,0,0
337,Jeff Attinella,POR,GK,5,4,399,24,14,9,2.25,1,2,1,1,20.0,58.3,2013,REG,3,3
338,Brian Rowe ,VAN,GK,4,4,360,19,14,4,1.0,2,2,0,2,50.0,73.7,2013,REG,0,0
339,Marcus Hahnemann,SEA,GK,4,4,360,10,6,4,1.0,2,2,0,1,50.0,60.0,2013,REG,0,0
340,Andrew Weber,SEA,GK,3,2,225,8,5,3,1.5,1,1,1,0,33.3,62.5,2013,REG,0,0
341,Josh Saunders,RSL,GK,3,3,231,18,13,4,1.33,1,1,1,0,33.3,72.2,2013,REG,0,0
342,Matt Pickens,COL,GK,2,2,97,4,2,2,1.0,0,1,0,0,0.0,50.0,2013,REG,0,0
343,Patrick McLain,CHV,GK,2,1,124,10,4,6,6.0,0,1,0,0,0.0,40.0,2013,REG,1,1
344,Tim Melia,SKC,GK,2,2,180,15,8,7,3.5,0,2,0,0,0.0,53.3,2013,REG,1,1
345,Milos Kocic,POR,GK,2,2,180,10,7,2,1.0,1,0,1,1,50.0,70.0,2013,REG,0,0
346,Stefan Frei,SEA,GK,1,1,90,3,2,1,1.0,0,1,0,0,0.0,66.7,2013,REG,1,1
347,Steward Ceus,COL,GK,1,1,90,6,5,1,1.0,0,1,0,0,0.0,83.3,2013,REG,0,0
348,David Bingham,LA,GK,1,1,90,8,7,1,1.0,1,0,0,0,100.0,87.5,2013,REG,0,0
349,Evan Bush,MTL,GK,1,1,90,7,6,1,1.0,0,1,0,0,0.0,85.7,2013,REG,0,0
350,Ryan Meara,NY,GK,0,0,0,0,0,0,0.0,0,0,0,0,0.0,0.0,2013,REG,0,0
351,Santiago Castaño,NY ,GK,0,0,0,0,0,0,0.0,0,0,0,0,0.0,0.0,2013,REG,0,0
352,Luis Soffner,NE ,GK,0,0,0,0,0,0,0.0,0,0,0,0,0.0,0.0,2013,REG,0,0
353,Kyle Zobeck,DAL,GK,0,0,0,0,0,0,0.0,0,0,0,0,0.0,0.0,2013,REG,0,0
354,Daniel Withrow,CLB,GK,0,0,0,0,0,0,0.0,0,0,0,0,0.0,0.0,2013,REG,0,0
355,Maxime Crepeau,MTL,GK,0,0,0,0,0,0,0.0,0,0,0,0,0.0,0.0,2013,REG,0,0
356,Alec Kann,ATL,GK,0,0,0,0,0,0,0.0,0,0,0,0,0.0,0.0,2013,REG,0,0
357,Jesse Gonzalez,DAL,GK,0,0,0,0,0,0,0.0,0,0,0,0,0.0,0.0,2013,REG,0,0
358,Evan Newton,SJ ,GK,0,0,0,0,0,0,0.0,0,0,0,0,0.0,0.0,2013,REG,0,0
359,Jake Gleeson,POR,GK,0,0,0,0,0,0,0.0,0,0,0,0,0.0,0.0,2013,REG,0,0
360,Richard Sanchez,CHI,GK,0,0,0,0,0,0,0.0,0,0,0,0,0.0,0.0,2013,REG,0,0
361,Jon Kempin,CLB,GK,0,0,0,0,0,0,0.0,0,0,0,0,0.0,0.0,2013,REG,0,0
362,Tyler Deric,HOU,GK,0,0,0,0,0,0,0.0,0,0,0,0,0.0,0.0,2013,REG,0,0
363,Erich Marscheider,HOU,GK,0,0,0,0,0,0,0.0,0,0,0,0,0.0,0.0,2013,REG,0,0
364,Quillan Roberts,TOR,GK,0,0,0,0,0,0,0.0,0,0,0,0,0.0,0.0,2013,REG,0,0
365,Lalo Fernandez,RSL,GK,0,0,0,0,0,0,0.0,0,0,0,0,0.0,0.0,2013,REG,0,0
366,Josh Ford,SEA,GK,0,0,0,0,0,0,0.0,0,0,0,0,0.0,0.0,2013,REG,0,0
367,Simon Thomas,CAN,GK,0,0,0,0,0,0,0.0,0,0,0,0,0.0,0.0,2013,REG,0,0
368,Andrew Dykstra,SKC,GK,0,0,0,0,0,0,0.0,0,0,0,0,0.0,0.0,2013,REG,0,0
369,Brian Perk,LA ,GK,0,0,0,0,0,0,0.0,0,0,0,0,0.0,0.0,2013,REG,0,0
370,Eric Kronberg,KC ,GK,0,0,0,0,0,0,0.0,0,0,0,0,0.0,0.0,2013,REG,0,0
371,Chris Konopka,PHI,GK,0,0,0,0,0,0,0.0,0,0,0,0,0.0,0.0,2013,REG,0,0
372,Kevin Hartman,NY ,GK,0,0,0,0,0,0,0.0,0,0,0,0,0.0,0.0,2013,REG,0,0
373,Oka Nikolov,PHI,GK,0,0,0,0,0,0,0.0,0,0,0,0,0.0,0.0,2013,REG,0,0
374,Jon Busch,SJ ,GK,34,34,3060,191,137,50,1.47,6,16,12,6,17.6,71.7,2014,REG,8,10
375,Luis Robles,NY,GK,34,34,3060,171,111,50,1.47,13,10,11,6,38.2,64.9,2014,REG,8,10
376,David Ousted,DC,GK,34,34,3060,140,96,40,1.18,12,8,14,13,35.3,68.6,2014,REG,5,5
377,Stefan Frei,SEA,GK,34,34,3060,149,99,50,1.47,20,10,4,9,58.8,66.4,2014,REG,6,7
378,Steve Clark,DC,GK,34,34,3060,153,111,42,1.24,14,10,10,8,41.2,72.5,2014,REG,2,4
379,Dan Kennedy,CHV,GK,33,33,2957,155,93,57,1.73,9,18,6,6,27.3,60.0,2014,REG,3,4
380,Sean Johnson,NYC,GK,33,33,2970,149,96,49,1.48,6,9,18,6,18.2,64.4,2014,REG,6,8
381,Donovan Ricketts,POR,GK,32,32,2861,151,105,44,1.38,12,7,12,7,37.5,69.5,2014,REG,7,7
382,Bobby Shuttleworth,MIN,GK,32,32,2880,141,94,40,1.25,16,12,4,8,50.0,66.7,2014,REG,2,4
383,Bill Hamid,DC ,GK,30,30,2700,146,110,34,1.13,14,9,7,10,46.7,75.3,2014,REG,5,5
384,Zac MacMath,COL,GK,29,29,2610,125,77,45,1.55,9,10,10,5,31.0,61.6,2014,REG,4,7
385,Jaime Penedo,LA ,GK,29,29,2610,115,81,33,1.14,15,7,7,8,51.7,70.4,2014,REG,3,3
386,Joe Bendik,OCS,GK,27,27,2430,125,82,45,1.67,8,11,8,4,29.6,65.6,2014,REG,4,5
387,Clint Irwin,TOR,GK,26,25,2336,125,73,49,1.96,7,15,4,7,26.9,58.4,2014,REG,6,7
388,Tally Hall,DC,GK,24,24,2150,115,67,44,1.83,8,12,4,7,33.3,58.3,2014,REG,7,8
389,Nick Rimando,RSL,GK,24,24,2160,97,71,25,1.04,13,4,7,7,54.2,73.2,2014,REG,1,5
390,Raul Fernandez,DAL,GK,21,20,1818,95,66,25,1.25,9,8,3,4,42.9,69.5,2014,REG,3,4
391,Troy Perkins,MTL,GK,21,21,1890,102,66,35,1.67,4,12,5,5,19.0,64.7,2014,REG,4,5
392,Eric Kronberg,KC ,GK,20,20,1800,73,45,22,1.1,7,8,5,7,35.0,61.6,2014,REG,5,5
393,Chris Seitz,HOU,GK,14,14,1242,67,44,20,1.43,7,4,3,2,50.0,65.7,2014,REG,0,1
394,Evan Bush,MTL,GK,13,13,1170,79,52,23,1.77,2,6,5,3,15.4,65.8,2014,REG,2,2
395,Tyler Deric,HOU,GK,11,10,910,53,36,14,1.4,3,5,2,3,27.3,67.9,2014,REG,2,3
396,Andy Gruenebaum,KC ,GK,11,11,945,45,34,12,1.09,6,3,2,3,54.5,75.6,2014,REG,1,1
397,Jeff Attinella,POR,GK,10,10,900,60,45,14,1.4,2,4,4,3,20.0,75.0,2014,REG,3,5
398,Júlio César,BRA,GK,7,7,630,27,18,9,1.29,3,4,0,2,42.9,66.7,2014,REG,2,2
399,John Berner,COL,GK,5,5,450,12,6,6,1.2,1,1,3,2,20.0,50.0,2014,REG,0,0
400,Joe Nasco,COL,GK,4,4,271,19,13,7,1.75,0,2,1,0,0.0,68.4,2014,REG,0,0
401,Jon Kempin,CLB,GK,4,3,315,13,5,7,2.33,1,2,0,0,25.0,38.5,2014,REG,0,1
402,Rais MBolhi,ALG,GK,4,4,360,13,7,4,1.0,1,1,2,1,25.0,53.8,2014,REG,0,0
403,Andrew Dykstra,SKC,GK,4,4,360,9,6,3,0.75,3,0,1,2,75.0,66.7,2014,REG,0,1
404,Andrew Weber,POR,GK,3,2,198,16,8,8,4.0,0,2,1,0,0.0,50.0,2014,REG,2,3
405,Brian Rowe ,VAN,GK,3,3,270,13,10,3,1.0,1,0,2,1,33.3,76.9,2014,REG,0,0
406,Tim Melia,SKC,GK,2,1,79,4,1,3,3.0,0,1,0,0,0.0,25.0,2014,REG,0,0
407,Brian Perk,LA ,GK,2,2,180,3,2,1,0.5,1,0,1,1,50.0,66.7,2014,REG,0,0
408,Brad Knighton,NE,GK,2,2,180,12,6,6,3.0,1,1,0,0,50.0,50.0,2014,REG,1,1
409,Trevor Spangenberg,CHV,GK,1,0,22,2,1,1,1.0,0,0,0,0,0.0,50.0,2014,REG,1,1
410,Andre Blake,PHI,GK,1,1,90,8,7,2,2.0,0,1,0,0,0.0,87.5,2014,REG,0,0
411,Kyle Reynish,CHI,GK,1,1,90,4,2,2,2.0,0,1,0,0,0.0,50.0,2014,REG,0,0
412,Chris Konopka,TOR,GK,0,0,0,0,0,0,0.0,0,0,0,0,0.0,0.0,2014,REG,0,0
413,Marcus Hahnemann,SEA,GK,0,0,0,0,0,0,0.0,0,0,0,0,0.0,0.0,2014,REG,0,0
414,Matt Pickens,COL,GK,0,0,0,0,0,0,0.0,0,0,0,0,0.0,0.0,2014,REG,0,0
415,Paolo Tornaghi,VAN,GK,0,0,0,0,0,0,0.0,0,0,0,0,0.0,0.0,2014,REG,0,0
416,David Bingham,LA,GK,0,0,0,0,0,0,0.0,0,0,0,0,0.0,0.0,2014,REG,0,0
417,Jake Gleeson,POR,GK,0,0,0,0,0,0,0.0,0,0,0,0,0.0,0.0,2014,REG,0,0
418,Richard Sanchez,CHI,GK,0,0,0,0,0,0,0.0,0,0,0,0,0.0,0.0,2014,REG,0,0
419,Joe Willis,HOU,GK,0,0,0,0,0,0,0.0,0,0,0,0,0.0,0.0,2014,REG,0,0
420,Josh Ford,SEA,GK,0,0,0,0,0,0,0.0,0,0,0,0,0.0,0.0,2014,REG,0,0
421,Marco Carducci,VAN,GK,0,0,0,0,0,0,0.0,0,0,0,0,0.0,0.0,2014,REG,0,0
422,Billy Knutsen,SJ ,GK,0,0,0,0,0,0,0.0,0,0,0,0,0.0,0.0,2014,REG,0,0
423,Larry Jackson,NE ,GK,0,0,0,0,0,0,0.0,0,0,0,0,0.0,0.0,2014,REG,0,0
424,Matt Lampson,MIN,GK,0,0,0,0,0,0,0.0,0,0,0,0,0.0,0.0,2014,REG,0,0
425,Ryan Meara,NY,GK,0,0,0,0,0,0,0.0,0,0,0,0,0.0,0.0,2014,REG,0,0
426,Bryan Meredith,SEA,GK,0,0,0,0,0,0,0.0,0,0,0,0,0.0,0.0,2014,REG,0,0
427,Quillan Roberts,TOR,GK,0,0,0,0,0,0,0.0,0,0,0,0,0.0,0.0,2014,REG,0,0
428,Lalo Fernandez,RSL,GK,0,0,0,0,0,0,0.0,0,0,0,0,0.0,0.0,2014,REG,0,0
429,Brian Holt,PHI,GK,0,0,0,0,0,0,0.0,0,0,0,0,0.0,0.0,2014,REG,0,0
430,Michael Lisch,HOU,GK,0,0,0,0,0,0,0.0,0,0,0,0,0.0,0.0,2014,REG,0,0
431,Santiago Castaño,NY ,GK,0,0,0,0,0,0,0.0,0,0,0,0,0.0,0.0,2014,REG,0,0
432,Brad Stuver,CLB,GK,0,0,0,0,0,0,0.0,0,0,0,0,0.0,0.0,2014,REG,0,0
433,Luis Soffner,NE ,GK,0,0,0,0,0,0,0.0,0,0,0,0,0.0,0.0,2014,REG,0,0
434,Maxime Crepeau,MTL,GK,0,0,0,0,0,0,0.0,0,0,0,0,0.0,0.0,2014,REG,0,0
435,Alec Kann,ATL,GK,0,0,0,0,0,0,0.0,0,0,0,0,0.0,0.0,2014,REG,0,0
436,Jesse Gonzalez,DAL,GK,0,0,0,0,0,0,0.0,0,0,0,0,0.0,0.0,2014,REG,0,0
437,Luis Robles,NY,GK,34,34,3060,131,86,43,1.26,18,10,6,9,52.9,65.6,2015,REG,2,3
438,David Ousted,DC,GK,34,34,3060,137,99,36,1.06,16,13,5,13,47.1,72.3,2015,REG,2,6
439,David Bingham,LA,GK,34,34,3060,147,105,39,1.15,13,13,8,12,38.2,71.4,2015,REG,4,6
440,Steve Clark,DC,GK,34,34,3060,168,114,53,1.56,15,11,8,6,44.1,67.9,2015,REG,4,4
441,Adam Kwarasey,POR,GK,33,33,2970,120,80,36,1.09,15,10,8,13,45.5,66.7,2015,REG,4,4
442,Josh Saunders,NYC,GK,33,33,2970,188,123,57,1.73,10,16,7,4,30.3,65.4,2015,REG,6,7
443,Stefan Frei,SEA,GK,31,31,2744,144,111,33,1.06,14,10,6,10,45.2,77.1,2015,REG,2,3
444,Bobby Shuttleworth,MIN,GK,31,31,2790,125,78,41,1.32,13,11,7,8,41.9,62.4,2015,REG,5,6
445,Tyler Deric,HOU,GK,31,31,2790,139,89,44,1.42,10,13,8,7,32.3,64.0,2015,REG,5,5
446,Evan Bush,MTL,GK,31,31,2790,142,99,39,1.26,15,12,4,9,48.4,69.7,2015,REG,6,7
447,Clint Irwin,TOR,GK,31,31,2790,125,88,38,1.23,8,13,10,8,25.8,70.4,2015,REG,3,3
448,Bill Hamid,DC ,GK,25,25,2250,133,101,29,1.16,11,9,5,8,44.0,75.9,2015,REG,0,1
449,Nick Rimando,RSL,GK,24,24,2160,93,66,24,1.0,8,9,7,8,33.3,71.0,2015,REG,5,8
450,Tally Hall,DC,GK,23,23,2064,114,73,41,1.78,10,8,5,5,43.5,64.0,2015,REG,4,5
451,Tim Melia,SKC,GK,23,23,2070,113,82,28,1.22,11,8,4,8,47.8,72.6,2015,REG,2,2
452,Sean Johnson,NYC,GK,21,21,1890,90,59,32,1.52,5,11,5,4,23.8,65.6,2015,REG,3,3
453,Donovan Ricketts,LA ,GK,21,21,1890,92,58,32,1.52,7,9,5,3,33.3,63.0,2015,REG,4,4
454,Chris Konopka,TOR,GK,21,21,1890,92,62,31,1.48,11,7,3,4,52.4,67.4,2015,REG,4,6
455,Dan Kennedy,DAL,GK,16,16,1440,48,30,19,1.19,7,5,4,5,43.8,62.5,2015,REG,3,4
456,Jaime Penedo,LA ,GK,16,16,1440,69,50,19,1.19,6,4,6,5,37.5,72.5,2015,REG,1,1
457,Joe Bendik,OCS,GK,13,13,1170,72,45,27,2.08,4,8,1,1,30.8,62.5,2015,REG,2,2
458,Jon Busch,CHI,GK,12,12,1080,57,35,24,2.0,3,8,1,1,25.0,61.4,2015,REG,0,0
459,Brian Sylvestre,PHI,GK,12,12,1080,50,30,19,1.58,5,6,1,5,41.7,60.0,2015,REG,1,2
460,John McCarthy,PHI,GK,11,11,990,41,22,18,1.64,3,5,3,2,27.3,53.7,2015,REG,2,2
461,Jesse Gonzalez,DAL,GK,11,11,990,47,37,10,0.91,7,3,1,5,63.6,78.7,2015,REG,2,4
462,Jeff Attinella,POR,GK,10,10,900,64,40,24,2.4,3,6,1,1,30.0,62.5,2015,REG,2,2
463,Andrew Dykstra,SKC,GK,9,9,778,57,40,16,1.78,3,4,1,0,33.3,70.2,2015,REG,0,1
464,Luis Marin,KC ,GK,8,8,720,30,19,12,1.5,2,2,4,3,25.0,63.3,2015,REG,0,0
465,Chris Seitz,HOU,GK,7,7,630,27,17,10,1.43,4,2,1,3,57.1,63.0,2015,REG,0,1
466,Brian Rowe ,VAN,GK,7,7,630,22,13,9,1.29,3,3,1,2,42.9,59.1,2015,REG,0,0
467,Andre Blake,PHI,GK,6,6,540,34,26,9,1.5,2,3,1,2,33.3,76.5,2015,REG,1,1
468,Rais MBolhi,ALG,GK,5,5,450,20,10,9,1.8,0,3,2,1,0.0,50.0,2015,REG,1,1
469,Troy Perkins,SEA,GK,4,3,316,15,12,3,1.0,1,3,0,0,25.0,80.0,2015,REG,0,0
470,Eric Kronberg,MTL,GK,3,3,270,11,6,5,1.67,0,1,2,0,0.0,54.5,2015,REG,0,0
471,Brad Knighton,NE,GK,3,3,270,16,9,6,2.0,1,1,1,1,33.3,56.3,2015,REG,2,2
472,Joe Willis,HOU,GK,3,3,270,10,5,5,1.67,1,1,1,0,33.3,50.0,2015,REG,0,0
473,Jon Kempin,CLB,GK,3,3,270,11,6,5,1.67,1,1,1,0,33.3,54.5,2015,REG,0,0
474,Zac MacMath,COL,GK,3,3,270,12,6,5,1.67,1,2,0,1,33.3,50.0,2015,REG,0,0
475,Josh Ford,ORL,GK,2,1,96,6,5,1,1.0,0,1,0,0,0.0,83.3,2015,REG,1,1
476,Travis Worra,DC,GK,1,0,32,1,1,0,0.0,1,0,0,0,100.0,100.0,2015,REG,0,0
477,Alec Kann,ATL,GK,1,1,90,8,6,2,2.0,0,1,0,0,0.0,75.0,2015,REG,1,1
478,Ryan Meara,NY,GK,1,1,90,7,6,1,1.0,0,1,0,0,0.0,85.7,2015,REG,0,0
479,Andrew Weber,POR,GK,1,1,90,7,4,3,3.0,0,1,0,0,0.0,57.1,2015,REG,0,0
480,Kyle Reynish,NYR,GK,0,0,0,0,0,0,0.0,0,0,0,0,0.0,0.0,2015,REG,0,0
481,Kristian Nicht,MTL,GK,0,0,0,0,0,0,0.0,0,0,0,0,0.0,0.0,2015,REG,0,0
482,Jake Gleeson,POR,GK,0,0,0,0,0,0,0.0,0,0,0,0,0.0,0.0,2015,REG,0,0
483,Brian Perk,LA ,GK,0,0,0,0,0,0,0.0,0,0,0,0,0.0,0.0,2015,REG,0,0
484,Paolo Tornaghi,VAN,GK,0,0,0,0,0,0,0.0,0,0,0,0,0.0,0.0,2015,REG,0,0
485,Earl Edwards Jr.,OCS,GK,0,0,0,0,0,0,0.0,0,0,0,0,0.0,0.0,2015,REG,0,0
486,Michael Lisch,HOU,GK,0,0,0,0,0,0,0.0,0,0,0,0,0.0,0.0,2015,REG,0,0
487,Santiago Castaño,NYR,GK,0,0,0,0,0,0,0.0,0,0,0,0,0.0,0.0,2015,REG,0,0
488,Brad Stuver,CLB,GK,0,0,0,0,0,0,0.0,0,0,0,0,0.0,0.0,2015,REG,0,0
489,Maxime Crepeau,MTL,GK,0,0,0,0,0,0,0.0,0,0,0,0,0.0,0.0,2015,REG,0,0
490,Eirik Johansen,NYC,GK,0,0,0,0,0,0,0.0,0,0,0,0,0.0,0.0,2015,REG,0,0
491,Bryan Meredith,SEA,GK,0,0,0,0,0,0,0.0,0,0,0,0,0.0,0.0,2015,REG,0,0
492,Matt Lampson,MIN,GK,0,0,0,0,0,0,0.0,0,0,0,0,0.0,0.0,2015,REG,0,0
493,Quillan Roberts,TOR,GK,0,0,0,0,0,0,0.0,0,0,0,0,0.0,0.0,2015,REG,0,0
494,Lalo Fernandez,RSL,GK,0,0,0,0,0,0,0.0,0,0,0,0,0.0,0.0,2015,REG,0,0
495,Akira Fitzgerald,NYC,GK,0,0,0,0,0,0,0.0,0,0,0,0,0.0,0.0,2015,REG,0,0
496,Charlie Lyon,SEA,GK,0,0,0,0,0,0,0.0,0,0,0,0,0.0,0.0,2015,REG,0,0
497,Alex Bono,TOR,GK,0,0,0,0,0,0,0.0,0,0,0,0,0.0,0.0,2015,REG,0,0
498,Marco Carducci,VAN,GK,0,0,0,0,0,0,0.0,0,0,0,0,0.0,0.0,2015,REG,0,0
499,John Berner,COL,GK,0,0,0,0,0,0,0.0,0,0,0,0,0.0,0.0,2015,REG,0,0
500,Trevor Spangenberg,NE ,GK,0,0,0,0,0,0,0.0,0,0,0,0,0.0,0.0,2015,REG,0,0
501,Andrew Wolverton,LA ,GK,0,0,0,0,0,0,0.0,0,0,0,0,0.0,0.0,2015,REG,0,0
502,Tomas Gomez,SJ ,GK,0,0,0,0,0,0,0.0,0,0,0,0,0.0,0.0,2015,REG,0,0
503,David Bingham,LA,GK,34,34,3015,146,106,39,1.15,8,12,14,8,23.5,72.6,2016,REG,4,4
504,Joe Bendik,OCS,GK,34,34,3060,178,114,60,1.76,9,11,14,5,26.5,64.0,2016,REG,4,7
505,Luis Robles,NY,GK,34,34,3060,143,100,44,1.29,16,9,9,11,47.1,69.9,2016,REG,3,4
506,Evan Bush,MTL,GK,33,33,2931,155,101,50,1.52,11,11,11,6,33.3,65.2,2016,REG,4,5
507,David Ousted,DC,GK,33,33,2970,166,110,52,1.58,10,15,8,6,30.3,66.3,2016,REG,6,8
508,Josh Saunders,NYC,GK,33,33,2970,158,98,56,1.7,14,10,9,8,42.4,62.0,2016,REG,5,6
509,Stefan Frei,SEA,GK,33,33,2970,137,91,41,1.24,14,13,6,8,42.4,66.4,2016,REG,6,8
510,Steve Clark,DC,GK,32,32,2880,161,112,51,1.59,8,12,12,8,25.0,69.6,2016,REG,4,5
511,Andre Blake,PHI,GK,32,32,2880,150,99,50,1.56,10,13,9,6,31.3,66.0,2016,REG,0,1
512,Brian Rowe ,VAN,GK,31,30,2765,148,113,33,1.1,12,5,14,9,38.7,76.4,2016,REG,2,3
513,Nick Rimando,RSL,GK,30,30,2700,137,91,40,1.33,11,9,10,6,36.7,66.4,2016,REG,3,5
514,Jake Gleeson,POR,GK,28,27,2470,160,118,40,1.48,11,11,6,6,39.3,73.8,2016,REG,6,6
515,Chris Seitz,HOU,GK,28,28,2520,95,63,29,1.04,14,5,9,10,50.0,66.3,2016,REG,3,4
516,Tim Melia,SKC,GK,27,27,2430,95,66,30,1.11,11,11,5,8,40.7,69.5,2016,REG,3,4
517,Joe Willis,HOU,GK,26,24,2275,129,89,39,1.63,5,12,9,5,19.2,69.0,2016,REG,5,6
518,Sean Johnson,NYC,GK,22,22,1980,106,68,37,1.68,6,10,6,5,27.3,64.2,2016,REG,1,1
519,Bobby Shuttleworth,MIN,GK,21,20,1814,89,50,38,1.9,4,9,8,5,19.0,56.2,2016,REG,4,6
520,Bill Hamid,DC,GK,20,20,1800,93,68,25,1.25,8,3,9,5,40.0,73.1,2016,REG,3,3
521,Clint Irwin,TOR,GK,19,19,1690,76,50,23,1.21,6,6,6,6,31.6,65.8,2016,REG,2,2
522,Tim Howard,COL,GK,17,17,1530,73,54,19,1.12,6,3,8,7,35.3,74.0,2016,REG,4,7
523,Zac MacMath,COL,GK,17,17,1530,57,39,13,0.76,9,3,5,6,52.9,68.4,2016,REG,0,1
524,Alex Bono,TOR,GK,16,15,1370,60,42,16,1.07,8,3,5,4,50.0,70.0,2016,REG,1,1
525,Brad Knighton,NE,GK,13,13,1153,49,31,16,1.23,6,5,1,2,46.2,63.3,2016,REG,3,3
526,Travis Worra,DC,GK,13,13,1170,52,34,18,1.38,3,6,4,4,23.1,65.4,2016,REG,0,0
527,Matt Lampson,MIN,GK,11,11,990,76,55,18,1.64,1,6,4,3,9.1,72.4,2016,REG,1,1
528,Tyler Deric,HOU,GK,10,10,772,37,31,6,0.6,2,2,4,4,20.0,83.8,2016,REG,0,0
529,Adam Kwarasey,POR,GK,7,7,590,31,19,13,1.86,1,3,2,0,14.3,61.3,2016,REG,1,1
530,Alec Kann,ATL,GK,7,7,630,28,17,11,1.57,2,2,3,2,28.6,60.7,2016,REG,0,0
531,Jesse Gonzalez,DAL,GK,6,6,540,22,12,11,1.83,3,3,0,2,50.0,54.5,2016,REG,0,0
532,Jeff Attinella,POR,GK,4,4,360,13,8,6,1.5,1,3,0,0,25.0,61.5,2016,REG,1,1
533,Dan Kennedy,LA,GK,3,2,115,7,4,3,1.5,0,0,1,0,0.0,57.1,2016,REG,0,0
534,Eric Kronberg,MTL,GK,2,1,128,5,2,3,3.0,0,0,1,0,0.0,40.0,2016,REG,1,1
535,Clement Diop,MTL,GK,2,2,180,15,11,3,1.5,0,1,1,0,0.0,73.3,2016,REG,1,1
536,Brad Stuver,CLB,GK,2,2,180,15,8,7,3.5,0,2,0,0,0.0,53.3,2016,REG,0,1
537,Andrew Tarbell,SJ,GK,1,0,45,2,1,1,1.0,0,0,0,0,0.0,50.0,2016,REG,1,1
538,Patrick McLain,CHI,GK,1,1,90,6,3,3,3.0,0,1,0,0,0.0,50.0,2016,REG,1,1
539,John McCarthy,PHI,GK,1,1,90,5,3,3,3.0,0,1,0,0,0.0,60.0,2016,REG,0,0
540,Matt Jones,PHI,GK,1,1,90,5,2,2,2.0,1,0,0,0,100.0,40.0,2016,REG,0,0
541,Tyler Miller,LFC,GK,1,1,90,4,2,2,2.0,0,1,0,0,0.0,50.0,2016,REG,0,0
542,Cody Cropper,NE,GK,1,1,90,2,2,0,0.0,1,0,0,1,100.0,100.0,2016,REG,0,0
543,Eirik Johansen,NYC,GK,1,1,90,6,5,1,1.0,1,0,0,0,100.0,83.3,2016,REG,0,0
544,Paolo Tornaghi,VAN,GK,1,1,90,6,6,0,0.0,0,0,1,1,0.0,100.0,2016,REG,0,0
545,Andrew Dykstra,SKC,GK,1,1,90,7,3,4,4.0,0,1,0,0,0.0,42.9,2016,REG,1,1
546,Chris Konopka,POR,GK,0,0,0,0,0,0,0.0,0,0,0,0,0.0,0.0,2016,REG,0,0
547,Tally Hall,DC,GK,0,0,0,0,0,0,0.0,0,0,0,0,0.0,0.0,2016,REG,0,0
548,Kyle Reynish,NY,GK,0,0,0,0,0,0,0.0,0,0,0,0,0.0,0.0,2016,REG,0,0
549,Bryan Meredith,SEA,GK,0,0,0,0,0,0,0.0,0,0,0,0,0.0,0.0,2016,REG,0,0
550,Ryan Meara,NY,GK,0,0,0,0,0,0,0.0,0,0,0,0,0.0,0.0,2016,REG,0,0
551,Quillan Roberts,TOR,GK,0,0,0,0,0,0,0.0,0,0,0,0,0.0,0.0,2016,REG,0,0
552,Lalo Fernandez,RSL,GK,0,0,0,0,0,0,0.0,0,0,0,0,0.0,0.0,2016,REG,0,0
553,Jon Kempin,CLB,GK,0,0,0,0,0,0,0.0,0,0,0,0,0.0,0.0,2016,REG,0,0
554,Zack Steffen,CLB,GK,0,0,0,0,0,0,0.0,0,0,0,0,0.0,0.0,2016,REG,0,0
555,Charlie Horton,DC ,GK,0,0,0,0,0,0,0.0,0,0,0,0,0.0,0.0,2016,REG,0,0
556,Ryan Herman,DAL,GK,0,0,0,0,0,0,0.0,0,0,0,0,0.0,0.0,2016,REG,0,0
557,Marco Carducci,VAN,GK,0,0,0,0,0,0,0.0,0,0,0,0,0.0,0.0,2016,REG,0,0
558,John Berner,COL,GK,0,0,0,0,0,0,0.0,0,0,0,0,0.0,0.0,2016,REG,0,0
559,Earl Edwards Jr.,OCS,GK,0,0,0,0,0,0,0.0,0,0,0,0,0.0,0.0,2016,REG,0,0
560,Maxime Crepeau,MTL,GK,0,0,0,0,0,0,0.0,0,0,0,0,0.0,0.0,2016,REG,0,0
561,Chris Froschauer,COL,GK,0,0,0,0,0,0,0.0,0,0,0,0,0.0,0.0,2016,REG,0,0
562,Matt Pacifici,CLB,GK,0,0,0,0,0,0,0.0,0,0,0,0,0.0,0.0,2016,REG,0,0
563,Andre Rawls,NYC,GK,0,0,0,0,0,0,0.0,0,0,0,0,0.0,0.0,2016,REG,0,0
564,Matt Turner,NE,GK,0,0,0,0,0,0,0.0,0,0,0,0,0.0,0.0,2016,REG,0,0
565,Charlie Lyon,SEA,GK,0,0,0,0,0,0,0.0,0,0,0,0,0.0,0.0,2016,REG,0,0
566,Calle Brown,HOU,GK,0,0,0,0,0,0,0.0,0,0,0,0,0.0,0.0,2016,REG,0,0
567,Wade Hamilton,POR,GK,0,0,0,0,0,0,0.0,0,0,0,0,0.0,0.0,2016,REG,0,0
568,Mason Stajduhar,OCS,GK,0,0,0,0,0,0,0.0,0,0,0,0,0.0,0.0,2016,REG,0,0
569,Luis Robles,NY,GK,34,34,3060,149,99,47,1.38,14,12,8,10,41.2,66.4,2017,REG,8,9
570,Zack Steffen,CLB,GK,34,34,3060,150,98,49,1.44,16,12,6,9,47.1,65.3,2017,REG,4,7
571,Bobby Shuttleworth,MIN,GK,33,32,2838,174,116,60,1.88,10,16,5,5,30.3,66.7,2017,REG,6,8
572,Stefan Frei,SEA,GK,33,33,2970,121,84,36,1.09,13,9,11,13,39.4,69.4,2017,REG,5,6
573,Joe Bendik,OCS,GK,33,33,2970,173,118,52,1.58,10,14,9,7,30.3,68.2,2017,REG,4,5
574,Sean Johnson,NYC,GK,32,32,2880,137,96,39,1.22,15,8,9,7,46.9,70.1,2017,REG,3,4
575,Tim Melia,SKC,GK,31,31,2759,116,91,24,0.77,12,7,11,10,38.7,78.4,2017,REG,2,5
576,Evan Bush,MTL,GK,31,31,2790,136,84,50,1.61,11,14,6,5,35.5,61.8,2017,REG,3,3
577,Alex Bono,TOR,GK,29,28,2570,104,72,32,1.14,19,4,6,10,65.5,69.2,2017,REG,3,5
578,Jesse Gonzalez,DAL,GK,29,29,2610,118,75,40,1.38,8,8,13,9,27.6,63.6,2017,REG,1,1
579,David Ousted,DC,GK,28,28,2453,132,90,39,1.39,13,8,6,6,46.4,68.2,2017,REG,4,4
580,Nick Rimando,RSL,GK,28,28,2488,110,73,33,1.18,13,10,5,8,46.4,66.4,2017,REG,1,3
581,Cody Cropper,NE,GK,28,28,2520,124,71,50,1.79,10,14,4,8,35.7,57.3,2017,REG,4,4
582,Tyler Deric,HOU,GK,26,26,2340,109,76,31,1.19,10,6,10,6,38.5,69.7,2017,REG,2,2
583,Andre Blake,PHI,GK,26,26,2340,125,88,34,1.31,9,10,7,9,34.6,70.4,2017,REG,4,5
584,Tim Howard,COL,GK,25,25,2250,126,84,39,1.56,7,14,4,5,28.0,66.7,2017,REG,5,6
585,Bill Hamid,DC,GK,24,24,2160,132,98,35,1.46,8,12,4,6,33.3,74.2,2017,REG,3,4
586,Matt Lampson,MIN,GK,24,24,2160,91,58,31,1.29,12,7,5,8,50.0,63.7,2017,REG,3,3
587,David Bingham,LA,GK,23,23,2070,94,58,35,1.52,9,9,5,7,39.1,61.7,2017,REG,2,2
588,Jake Gleeson,POR,GK,21,21,1818,83,52,30,1.43,8,6,6,3,38.1,62.7,2017,REG,3,3
589,Alec Kann,ATL,GK,18,18,1620,83,56,25,1.39,8,7,3,4,44.4,67.5,2017,REG,4,4
590,Clement Diop,MTL,GK,15,15,1331,89,54,31,2.07,4,8,3,2,26.7,60.7,2017,REG,1,1
591,Brian Rowe ,VAN,GK,14,12,1157,60,35,23,1.92,3,6,4,2,21.4,58.3,2017,REG,2,2
592,Jeff Attinella,POR,GK,14,13,1242,64,45,20,1.54,7,5,2,4,50.0,70.3,2017,REG,0,1
593,Brad Guzan,ATL,GK,14,14,1260,47,38,10,0.71,6,1,7,8,42.9,80.9,2017,REG,1,1
594,Andrew Tarbell,SJ,GK,11,11,990,65,40,25,2.27,4,5,2,2,36.4,61.5,2017,REG,0,1
595,Zac MacMath,COL,GK,9,9,810,40,27,12,1.33,2,5,2,1,22.2,67.5,2017,REG,2,2
596,Joe Willis,HOU,GK,8,8,720,31,17,14,1.75,3,4,1,2,37.5,54.8,2017,REG,1,1
597,Jorge Rodrigo Bava,CHI,GK,8,8,720,31,20,12,1.5,3,3,2,3,37.5,64.5,2017,REG,0,0
598,John McCarthy,PHI,GK,8,8,720,49,34,13,1.63,2,4,2,1,25.0,69.4,2017,REG,2,2
599,Jon Kempin,CLB,GK,7,7,570,40,27,13,1.86,1,4,1,2,14.3,67.5,2017,REG,0,2
600,Matt Van Oekel,RSL,GK,7,6,572,47,25,22,3.67,0,5,1,1,0.0,53.2,2017,REG,1,1
601,Clint Irwin,TOR,GK,6,6,490,18,13,5,0.83,1,1,3,2,16.7,72.2,2017,REG,0,1
602,Brad Knighton,NE,GK,6,6,540,31,20,11,1.83,3,1,2,1,50.0,64.5,2017,REG,1,1
603,Chris Seitz,HOU,GK,5,5,450,20,12,8,1.6,3,2,0,0,60.0,60.0,2017,REG,2,3
604,Stefan Marinovic,VAN,GK,5,5,450,27,21,5,1.0,2,2,1,1,40.0,77.8,2017,REG,0,1
605,Steve Clark,DC,GK,5,5,450,27,13,11,2.2,1,3,1,1,20.0,48.1,2017,REG,2,3
606,Travis Worra,DC,GK,5,5,450,26,11,14,2.8,0,5,0,0,0.0,42.3,2017,REG,0,0
607,Andrew Dykstra,SKC,GK,4,3,301,14,10,5,1.67,0,2,2,1,0.0,71.4,2017,REG,0,0
608,John Alvbage,MIN,GK,3,2,222,15,5,10,5.0,0,2,1,0,0.0,33.3,2017,REG,1,1
609,Maxime Crepeau,MTL,GK,3,3,270,19,10,8,2.67,0,3,0,0,0.0,52.6,2017,REG,1,2
610,Kyle Reynish,ATL,GK,2,2,150,5,2,3,1.5,1,0,0,0,50.0,40.0,2017,REG,0,0
611,Richard Sanchez,CHI,GK,2,2,180,15,11,4,2.0,1,1,0,0,50.0,73.3,2017,REG,0,0
612,Eirik Johansen,NYC,GK,2,2,180,7,3,4,2.0,1,1,0,0,50.0,42.9,2017,REG,0,0
613,Alexander Tambakis,ATL,GK,1,0,28,3,1,2,2.0,0,1,0,0,0.0,33.3,2017,REG,0,0
614,Paolo Tornaghi,VAN,GK,1,0,65,7,4,3,3.0,0,1,0,0,0.0,57.1,2017,REG,0,0
615,Earl Edwards Jr.,OCS,GK,1,1,90,7,1,6,6.0,0,1,0,0,0.0,14.3,2017,REG,0,0
616,Spencer Richey,VAN,GK,1,1,90,3,1,2,2.0,0,1,0,0,0.0,33.3,2017,REG,0,0
617,Tyler Miller,LFC,GK,1,1,90,8,5,3,3.0,1,0,0,0,100.0,62.5,2017,REG,0,0
618,Matt Bersano,SJ,GK,0,0,0,0,0,0,0.0,0,0,0,0,0.0,0.0,2017,REG,0,0
619,John Berner,COL,GK,0,0,0,0,0,0,0.0,0,0,0,0,0.0,0.0,2017,REG,0,0
620,Calle Brown,HOU,GK,0,0,0,0,0,0,0.0,0,0,0,0,0.0,0.0,2017,REG,0,0
621,Jacob Lissek,DAL,GK,0,0,0,0,0,0,0.0,0,0,0,0,0.0,0.0,2017,REG,0,0
622,Adrian Zendejas,SKC,GK,0,0,0,0,0,0,0.0,0,0,0,0,0.0,0.0,2017,REG,0,0
623,Mason Stajduhar,OCS,GK,0,0,0,0,0,0,0.0,0,0,0,0,0.0,0.0,2017,REG,0,0
624,Connor Sparrow,RSL,GK,0,0,0,0,0,0,0.0,0,0,0,0,0.0,0.0,2017,REG,0,0
625,Andre Rawls,NYC,GK,0,0,0,0,0,0,0.0,0,0,0,0,0.0,0.0,2017,REG,0,0
626,Matt Turner,NE,GK,0,0,0,0,0,0,0.0,0,0,0,0,0.0,0.0,2017,REG,0,0
627,Eduardo Cortes,DAL,GK,0,0,0,0,0,0,0.0,0,0,0,0,0.0,0.0,2017,REG,0,0
628,Evan Louro,NYR,GK,0,0,0,0,0,0,0.0,0,0,0,0,0.0,0.0,2017,REG,0,0
629,Eric Klenofsky,DC,GK,0,0,0,0,0,0,0.0,0,0,0,0,0.0,0.0,2017,REG,0,0
630,Stefan Cleveland,CHI,GK,0,0,0,0,0,0,0.0,0,0,0,0,0.0,0.0,2017,REG,0,0
631,Logan Ketterer,CLB,GK,0,0,0,0,0,0,0.0,0,0,0,0,0.0,0.0,2017,REG,0,0
632,Alex Kapp,MIN,GK,0,0,0,0,0,0,0.0,0,0,0,0,0.0,0.0,2017,REG,0,0
633,Cody Mizell,COL,GK,0,0,0,0,0,0,0.0,0,0,0,0,0.0,0.0,2017,REG,0,0
634,Brad Stuver,CLB,GK,0,0,0,0,0,0,0.0,0,0,0,0,0.0,0.0,2017,REG,0,0
635,Lalo Fernandez,RSL,GK,0,0,0,0,0,0,0.0,0,0,0,0,0.0,0.0,2017,REG,0,0
636,Patrick McLain,MIN,GK,0,0,0,0,0,0,0.0,0,0,0,0,0.0,0.0,2017,REG,0,0
637,Mark Pais,TOR,GK,0,0,0,0,0,0,0.0,0,0,0,0,0.0,0.0,2017,REG,0,0
638,Kendall McIntosh,POR,GK,0,0,0,0,0,0,0.0,0,0,0,0,0.0,0.0,2017,REG,0,0
639,Josh Saunders,ORL,GK,0,0,0,0,0,0,0.0,0,0,0,0,0.0,0.0,2017,REG,0,0
640,Eric Kronberg,MTL,GK,0,0,0,0,0,0,0.0,0,0,0,0,0.0,0.0,2017,REG,0,0
641,Bryan Meredith,SEA,GK,0,0,0,0,0,0,0.0,0,0,0,0,0.0,0.0,2017,REG,0,0
642,Ryan Meara,NY,GK,0,0,0,0,0,0,0.0,0,0,0,0,0.0,0.0,2017,REG,0,0
643,Jimmy Maurer,DAL,GK,0,0,0,0,0,0,0.0,0,0,0,0,0.0,0.0,2017,REG,0,0
